[0.000000] (-) TimerEvent: {}
[0.000567] (turtle_cpp) JobQueued: {'identifier': 'turtle_cpp', 'dependencies': OrderedDict()}
[0.000606] (turtle_interfaces) JobQueued: {'identifier': 'turtle_interfaces', 'dependencies': OrderedDict()}
[0.000628] (turtle_py) JobQueued: {'identifier': 'turtle_py', 'dependencies': OrderedDict()}
[0.000655] (turtle_examples) JobQueued: {'identifier': 'turtle_examples', 'dependencies': OrderedDict([('turtle_interfaces', '/home/sgjzz1/git/physicalai-lv1-gyujinsim/physicalai-lv1-assignments-main/lv1_module2_student/ros2_ws/install/turtle_interfaces')])}
[0.000678] (turtle_interfaces) JobStarted: {'identifier': 'turtle_interfaces'}
[0.004827] (turtle_cpp) JobStarted: {'identifier': 'turtle_cpp'}
[0.008155] (turtle_py) JobStarted: {'identifier': 'turtle_py'}
[0.013236] (turtle_interfaces) JobProgress: {'identifier': 'turtle_interfaces', 'progress': 'cmake'}
[0.013914] (turtle_interfaces) Command: {'cmd': ['/usr/bin/cmake', '/home/sgjzz1/git/physicalai-lv1-gyujinsim/physicalai-lv1-assignments-main/lv1_module2_student/ros2_ws/src/turtle_interfaces', '-DAMENT_CMAKE_SYMLINK_INSTALL=1', '-DCMAKE_INSTALL_PREFIX=/home/sgjzz1/git/physicalai-lv1-gyujinsim/physicalai-lv1-assignments-main/lv1_module2_student/ros2_ws/install/turtle_interfaces'], 'cwd': '/home/sgjzz1/git/physicalai-lv1-gyujinsim/physicalai-lv1-assignments-main/lv1_module2_student/ros2_ws/build/turtle_interfaces', 'env': OrderedDict([('GJS_DEBUG_TOPICS', 'JS ERROR;JS LOG'), ('PYTHON_BASIC_REPL', '1'), ('LESSOPEN', '| /usr/bin/lesspipe %s'), ('LANGUAGE', 'en_US:en'), ('USER', 'sgjzz1'), ('LC_TIME', 'ko_KR.UTF-8'), ('XDG_SESSION_TYPE', 'x11'), ('GIT_ASKPASS', '/usr/share/code/resources/app/extensions/git/dist/askpass.sh'), ('SHLVL', '1'), ('LD_LIBRARY_PATH', '/usr/lib/x86_64-linux-gnu/gazebo-11/plugins:/opt/ros/humble/opt/rviz_ogre_vendor/lib:/opt/ros/humble/lib/x86_64-linux-gnu:/opt/ros/humble/lib'), ('HOME', '/home/sgjzz1'), ('CHROME_DESKTOP', 'code.desktop'), ('OLDPWD', '/home/sgjzz1/git/physicalai-lv1-gyujinsim/physicalai-lv1-assignments-main/lv1_module2_student'), ('TERM_PROGRAM_VERSION', '1.129.1'), ('DESKTOP_SESSION', 'ubuntu'), ('GIO_LAUNCHED_DESKTOP_FILE', '/usr/share/applications/code.desktop'), ('ROS_PYTHON_VERSION', '3'), ('GNOME_SHELL_SESSION_MODE', 'ubuntu'), ('GTK_MODULES', 'gail:atk-bridge'), ('VSCODE_GIT_ASKPASS_MAIN', '/usr/share/code/resources/app/extensions/git/dist/askpass-main.js'), ('LC_MONETARY', 'ko_KR.UTF-8'), ('VSCODE_GIT_ASKPASS_NODE', '/usr/share/code/code'), ('MANAGERPID', '1987'), ('PYDEVD_DISABLE_FILE_VALIDATION', '1'), ('SYSTEMD_EXEC_PID', '2230'), ('BUNDLED_DEBUGPY_PATH', '/home/sgjzz1/.vscode/extensions/ms-python.debugpy-2026.6.0-linux-x64/bundled/libs/debugpy'), ('VSCODE_PYTHON_AUTOACTIVATE_GUARD', '1'), ('DBUS_SESSION_BUS_ADDRESS', 'unix:path=/run/user/1000/bus'), ('COLORTERM', 'truecolor'), ('GIO_LAUNCHED_DESKTOP_FILE_PID', '29561'), ('ROS_DISTRO', 'humble'), ('GTK_IM_MODULE', 'ibus'), ('LOGNAME', 'sgjzz1'), ('JOURNAL_STREAM', '8:17964'), ('_', '/usr/bin/colcon'), ('ROS_VERSION', '2'), ('XDG_SESSION_CLASS', 'user'), ('USERNAME', 'sgjzz1'), ('TERM', 'xterm-256color'), ('GNOME_DESKTOP_SESSION_ID', 'this-is-deprecated'), ('FC_FONTATIONS', '1'), ('ROS_LOCALHOST_ONLY', '0'), ('WINDOWPATH', '2'), ('PATH', '/opt/ros/humble/bin:/home/sgjzz1/.config/Code/User/globalStorage/github.copilot-chat/debugCommand:/home/sgjzz1/.config/Code/User/globalStorage/github.copilot-chat/copilotCli:/home/sgjzz1/.local/bin:/home/sgjzz1/.local/bin:/usr/local/sbin:/usr/local/bin:/usr/sbin:/usr/bin:/sbin:/bin:/usr/games:/usr/local/games:/snap/bin:/snap/bin:/home/sgjzz1/.vscode/extensions/ms-python.debugpy-2026.6.0-linux-x64/bundled/scripts/noConfigScripts'), ('SESSION_MANAGER', 'local/sgjzz1:@/tmp/.ICE-unix/2203,unix/sgjzz1:/tmp/.ICE-unix/2203'), ('INVOCATION_ID', '808d078eb90c4ca0bedf830c4e456770'), ('PAPERSIZE', 'a4'), ('XDG_MENU_PREFIX', 'gnome-'), ('LC_ADDRESS', 'ko_KR.UTF-8'), ('XDG_RUNTIME_DIR', '/run/user/1000'), ('GDK_BACKEND', 'x11'), ('DISPLAY', ':1'), ('VSCODE_DEBUGPY_ADAPTER_ENDPOINTS', '/home/sgjzz1/.vscode/extensions/ms-python.debugpy-2026.6.0-linux-x64/.noConfigDebugAdapterEndpoints/endpoint-802681cb17f2891c.txt'), ('LANG', 'en_US.UTF-8'), ('XDG_CURRENT_DESKTOP', 'ubuntu:GNOME'), ('PYTHONSTARTUP', '/home/sgjzz1/.config/Code/User/workspaceStorage/2635ab38cf0fae7d6203d74eaf814616/ms-python.python/pythonrc.py'), ('LC_TELEPHONE', 'ko_KR.UTF-8'), ('XMODIFIERS', '@im=ibus'), ('XDG_SESSION_DESKTOP', 'ubuntu'), ('XAUTHORITY', '/run/user/1000/gdm/Xauthority'), ('LS_COLORS', 'rs=0:di=01;34:ln=01;36:mh=00:pi=40;33:so=01;35:do=01;35:bd=40;33;01:cd=40;33;01:or=40;31;01:mi=00:su=37;41:sg=30;43:ca=30;41:tw=30;42:ow=34;42:st=37;44:ex=01;32:*.tar=01;31:*.tgz=01;31:*.arc=01;31:*.arj=01;31:*.taz=01;31:*.lha=01;31:*.lz4=01;31:*.lzh=01;31:*.lzma=01;31:*.tlz=01;31:*.txz=01;31:*.tzo=01;31:*.t7z=01;31:*.zip=01;31:*.z=01;31:*.dz=01;31:*.gz=01;31:*.lrz=01;31:*.lz=01;31:*.lzo=01;31:*.xz=01;31:*.zst=01;31:*.tzst=01;31:*.bz2=01;31:*.bz=01;31:*.tbz=01;31:*.tbz2=01;31:*.tz=01;31:*.deb=01;31:*.rpm=01;31:*.jar=01;31:*.war=01;31:*.ear=01;31:*.sar=01;31:*.rar=01;31:*.alz=01;31:*.ace=01;31:*.zoo=01;31:*.cpio=01;31:*.7z=01;31:*.rz=01;31:*.cab=01;31:*.wim=01;31:*.swm=01;31:*.dwm=01;31:*.esd=01;31:*.jpg=01;35:*.jpeg=01;35:*.mjpg=01;35:*.mjpeg=01;35:*.gif=01;35:*.bmp=01;35:*.pbm=01;35:*.pgm=01;35:*.ppm=01;35:*.tga=01;35:*.xbm=01;35:*.xpm=01;35:*.tif=01;35:*.tiff=01;35:*.png=01;35:*.svg=01;35:*.svgz=01;35:*.mng=01;35:*.pcx=01;35:*.mov=01;35:*.mpg=01;35:*.mpeg=01;35:*.m2v=01;35:*.mkv=01;35:*.webm=01;35:*.webp=01;35:*.ogm=01;35:*.mp4=01;35:*.m4v=01;35:*.mp4v=01;35:*.vob=01;35:*.qt=01;35:*.nuv=01;35:*.wmv=01;35:*.asf=01;35:*.rm=01;35:*.rmvb=01;35:*.flc=01;35:*.avi=01;35:*.fli=01;35:*.flv=01;35:*.gl=01;35:*.dl=01;35:*.xcf=01;35:*.xwd=01;35:*.yuv=01;35:*.cgm=01;35:*.emf=01;35:*.ogv=01;35:*.ogx=01;35:*.aac=00;36:*.au=00;36:*.flac=00;36:*.m4a=00;36:*.mid=00;36:*.midi=00;36:*.mka=00;36:*.mp3=00;36:*.mpc=00;36:*.ogg=00;36:*.ra=00;36:*.wav=00;36:*.oga=00;36:*.opus=00;36:*.spx=00;36:*.xspf=00;36:'), ('VSCODE_GIT_IPC_HANDLE', '/run/user/1000/vscode-git-26048dab54.sock'), ('TERM_PROGRAM', 'vscode'), ('SSH_AGENT_LAUNCHER', 'gnome-keyring'), ('SSH_AUTH_SOCK', '/run/user/1000/keyring/ssh'), ('AMENT_PREFIX_PATH', '/opt/ros/humble'), ('SHELL', '/bin/bash'), ('LC_NAME', 'ko_KR.UTF-8'), ('QT_ACCESSIBILITY', '1'), ('GDMSESSION', 'ubuntu'), ('LESSCLOSE', '/usr/bin/lesspipe %s %s'), ('LC_MEASUREMENT', 'ko_KR.UTF-8'), ('GPG_AGENT_INFO', '/run/user/1000/gnupg/S.gpg-agent:0:1'), ('GJS_DEBUG_OUTPUT', 'stderr'), ('LC_IDENTIFICATION', 'ko_KR.UTF-8'), ('VSCODE_GIT_ASKPASS_EXTRA_ARGS', ''), ('QT_IM_MODULE', 'ibus'), ('PWD', '/home/sgjzz1/git/physicalai-lv1-gyujinsim/physicalai-lv1-assignments-main/lv1_module2_student/ros2_ws/build/turtle_interfaces'), ('LC_ALL', 'en_US.UTF-8'), ('XDG_CONFIG_DIRS', '/etc/xdg/xdg-ubuntu:/etc/xdg'), ('COPILOT_DEBUG_NONCE', '4b106a26769a60d375c272b8c3e55bdc'), ('XDG_DATA_DIRS', '/usr/share/ubuntu:/usr/share/gnome:/usr/local/share/:/usr/share/:/var/lib/snapd/desktop'), ('PYTHONPATH', '/opt/ros/humble/lib/python3.10/site-packages:/opt/ros/humble/local/lib/python3.10/dist-packages'), ('LC_NUMERIC', 'ko_KR.UTF-8'), ('LC_PAPER', 'ko_KR.UTF-8'), ('COLCON', '1'), ('CMAKE_PREFIX_PATH', '/opt/ros/humble')]), 'shell': False}
[0.015911] (turtle_cpp) JobProgress: {'identifier': 'turtle_cpp', 'progress': 'cmake'}
[0.016678] (turtle_cpp) Command: {'cmd': ['/usr/bin/cmake', '/home/sgjzz1/git/physicalai-lv1-gyujinsim/physicalai-lv1-assignments-main/lv1_module2_student/ros2_ws/src/turtle_cpp', '-DAMENT_CMAKE_SYMLINK_INSTALL=1', '-DCMAKE_INSTALL_PREFIX=/home/sgjzz1/git/physicalai-lv1-gyujinsim/physicalai-lv1-assignments-main/lv1_module2_student/ros2_ws/install/turtle_cpp'], 'cwd': '/home/sgjzz1/git/physicalai-lv1-gyujinsim/physicalai-lv1-assignments-main/lv1_module2_student/ros2_ws/build/turtle_cpp', 'env': OrderedDict([('GJS_DEBUG_TOPICS', 'JS ERROR;JS LOG'), ('PYTHON_BASIC_REPL', '1'), ('LESSOPEN', '| /usr/bin/lesspipe %s'), ('LANGUAGE', 'en_US:en'), ('USER', 'sgjzz1'), ('LC_TIME', 'ko_KR.UTF-8'), ('XDG_SESSION_TYPE', 'x11'), ('GIT_ASKPASS', '/usr/share/code/resources/app/extensions/git/dist/askpass.sh'), ('SHLVL', '1'), ('LD_LIBRARY_PATH', '/usr/lib/x86_64-linux-gnu/gazebo-11/plugins:/opt/ros/humble/opt/rviz_ogre_vendor/lib:/opt/ros/humble/lib/x86_64-linux-gnu:/opt/ros/humble/lib'), ('HOME', '/home/sgjzz1'), ('CHROME_DESKTOP', 'code.desktop'), ('OLDPWD', '/home/sgjzz1/git/physicalai-lv1-gyujinsim/physicalai-lv1-assignments-main/lv1_module2_student'), ('TERM_PROGRAM_VERSION', '1.129.1'), ('DESKTOP_SESSION', 'ubuntu'), ('GIO_LAUNCHED_DESKTOP_FILE', '/usr/share/applications/code.desktop'), ('ROS_PYTHON_VERSION', '3'), ('GNOME_SHELL_SESSION_MODE', 'ubuntu'), ('GTK_MODULES', 'gail:atk-bridge'), ('VSCODE_GIT_ASKPASS_MAIN', '/usr/share/code/resources/app/extensions/git/dist/askpass-main.js'), ('LC_MONETARY', 'ko_KR.UTF-8'), ('VSCODE_GIT_ASKPASS_NODE', '/usr/share/code/code'), ('MANAGERPID', '1987'), ('PYDEVD_DISABLE_FILE_VALIDATION', '1'), ('SYSTEMD_EXEC_PID', '2230'), ('BUNDLED_DEBUGPY_PATH', '/home/sgjzz1/.vscode/extensions/ms-python.debugpy-2026.6.0-linux-x64/bundled/libs/debugpy'), ('VSCODE_PYTHON_AUTOACTIVATE_GUARD', '1'), ('DBUS_SESSION_BUS_ADDRESS', 'unix:path=/run/user/1000/bus'), ('COLORTERM', 'truecolor'), ('GIO_LAUNCHED_DESKTOP_FILE_PID', '29561'), ('ROS_DISTRO', 'humble'), ('GTK_IM_MODULE', 'ibus'), ('LOGNAME', 'sgjzz1'), ('JOURNAL_STREAM', '8:17964'), ('_', '/usr/bin/colcon'), ('ROS_VERSION', '2'), ('XDG_SESSION_CLASS', 'user'), ('USERNAME', 'sgjzz1'), ('TERM', 'xterm-256color'), ('GNOME_DESKTOP_SESSION_ID', 'this-is-deprecated'), ('FC_FONTATIONS', '1'), ('ROS_LOCALHOST_ONLY', '0'), ('WINDOWPATH', '2'), ('PATH', '/opt/ros/humble/bin:/home/sgjzz1/.config/Code/User/globalStorage/github.copilot-chat/debugCommand:/home/sgjzz1/.config/Code/User/globalStorage/github.copilot-chat/copilotCli:/home/sgjzz1/.local/bin:/home/sgjzz1/.local/bin:/usr/local/sbin:/usr/local/bin:/usr/sbin:/usr/bin:/sbin:/bin:/usr/games:/usr/local/games:/snap/bin:/snap/bin:/home/sgjzz1/.vscode/extensions/ms-python.debugpy-2026.6.0-linux-x64/bundled/scripts/noConfigScripts'), ('SESSION_MANAGER', 'local/sgjzz1:@/tmp/.ICE-unix/2203,unix/sgjzz1:/tmp/.ICE-unix/2203'), ('INVOCATION_ID', '808d078eb90c4ca0bedf830c4e456770'), ('PAPERSIZE', 'a4'), ('XDG_MENU_PREFIX', 'gnome-'), ('LC_ADDRESS', 'ko_KR.UTF-8'), ('XDG_RUNTIME_DIR', '/run/user/1000'), ('GDK_BACKEND', 'x11'), ('DISPLAY', ':1'), ('VSCODE_DEBUGPY_ADAPTER_ENDPOINTS', '/home/sgjzz1/.vscode/extensions/ms-python.debugpy-2026.6.0-linux-x64/.noConfigDebugAdapterEndpoints/endpoint-802681cb17f2891c.txt'), ('LANG', 'en_US.UTF-8'), ('XDG_CURRENT_DESKTOP', 'ubuntu:GNOME'), ('PYTHONSTARTUP', '/home/sgjzz1/.config/Code/User/workspaceStorage/2635ab38cf0fae7d6203d74eaf814616/ms-python.python/pythonrc.py'), ('LC_TELEPHONE', 'ko_KR.UTF-8'), ('XMODIFIERS', '@im=ibus'), ('XDG_SESSION_DESKTOP', 'ubuntu'), ('XAUTHORITY', '/run/user/1000/gdm/Xauthority'), ('LS_COLORS', 'rs=0:di=01;34:ln=01;36:mh=00:pi=40;33:so=01;35:do=01;35:bd=40;33;01:cd=40;33;01:or=40;31;01:mi=00:su=37;41:sg=30;43:ca=30;41:tw=30;42:ow=34;42:st=37;44:ex=01;32:*.tar=01;31:*.tgz=01;31:*.arc=01;31:*.arj=01;31:*.taz=01;31:*.lha=01;31:*.lz4=01;31:*.lzh=01;31:*.lzma=01;31:*.tlz=01;31:*.txz=01;31:*.tzo=01;31:*.t7z=01;31:*.zip=01;31:*.z=01;31:*.dz=01;31:*.gz=01;31:*.lrz=01;31:*.lz=01;31:*.lzo=01;31:*.xz=01;31:*.zst=01;31:*.tzst=01;31:*.bz2=01;31:*.bz=01;31:*.tbz=01;31:*.tbz2=01;31:*.tz=01;31:*.deb=01;31:*.rpm=01;31:*.jar=01;31:*.war=01;31:*.ear=01;31:*.sar=01;31:*.rar=01;31:*.alz=01;31:*.ace=01;31:*.zoo=01;31:*.cpio=01;31:*.7z=01;31:*.rz=01;31:*.cab=01;31:*.wim=01;31:*.swm=01;31:*.dwm=01;31:*.esd=01;31:*.jpg=01;35:*.jpeg=01;35:*.mjpg=01;35:*.mjpeg=01;35:*.gif=01;35:*.bmp=01;35:*.pbm=01;35:*.pgm=01;35:*.ppm=01;35:*.tga=01;35:*.xbm=01;35:*.xpm=01;35:*.tif=01;35:*.tiff=01;35:*.png=01;35:*.svg=01;35:*.svgz=01;35:*.mng=01;35:*.pcx=01;35:*.mov=01;35:*.mpg=01;35:*.mpeg=01;35:*.m2v=01;35:*.mkv=01;35:*.webm=01;35:*.webp=01;35:*.ogm=01;35:*.mp4=01;35:*.m4v=01;35:*.mp4v=01;35:*.vob=01;35:*.qt=01;35:*.nuv=01;35:*.wmv=01;35:*.asf=01;35:*.rm=01;35:*.rmvb=01;35:*.flc=01;35:*.avi=01;35:*.fli=01;35:*.flv=01;35:*.gl=01;35:*.dl=01;35:*.xcf=01;35:*.xwd=01;35:*.yuv=01;35:*.cgm=01;35:*.emf=01;35:*.ogv=01;35:*.ogx=01;35:*.aac=00;36:*.au=00;36:*.flac=00;36:*.m4a=00;36:*.mid=00;36:*.midi=00;36:*.mka=00;36:*.mp3=00;36:*.mpc=00;36:*.ogg=00;36:*.ra=00;36:*.wav=00;36:*.oga=00;36:*.opus=00;36:*.spx=00;36:*.xspf=00;36:'), ('VSCODE_GIT_IPC_HANDLE', '/run/user/1000/vscode-git-26048dab54.sock'), ('TERM_PROGRAM', 'vscode'), ('SSH_AGENT_LAUNCHER', 'gnome-keyring'), ('SSH_AUTH_SOCK', '/run/user/1000/keyring/ssh'), ('AMENT_PREFIX_PATH', '/opt/ros/humble'), ('SHELL', '/bin/bash'), ('LC_NAME', 'ko_KR.UTF-8'), ('QT_ACCESSIBILITY', '1'), ('GDMSESSION', 'ubuntu'), ('LESSCLOSE', '/usr/bin/lesspipe %s %s'), ('LC_MEASUREMENT', 'ko_KR.UTF-8'), ('GPG_AGENT_INFO', '/run/user/1000/gnupg/S.gpg-agent:0:1'), ('GJS_DEBUG_OUTPUT', 'stderr'), ('LC_IDENTIFICATION', 'ko_KR.UTF-8'), ('VSCODE_GIT_ASKPASS_EXTRA_ARGS', ''), ('QT_IM_MODULE', 'ibus'), ('PWD', '/home/sgjzz1/git/physicalai-lv1-gyujinsim/physicalai-lv1-assignments-main/lv1_module2_student/ros2_ws/build/turtle_cpp'), ('LC_ALL', 'en_US.UTF-8'), ('XDG_CONFIG_DIRS', '/etc/xdg/xdg-ubuntu:/etc/xdg'), ('COPILOT_DEBUG_NONCE', '4b106a26769a60d375c272b8c3e55bdc'), ('XDG_DATA_DIRS', '/usr/share/ubuntu:/usr/share/gnome:/usr/local/share/:/usr/share/:/var/lib/snapd/desktop'), ('PYTHONPATH', '/opt/ros/humble/lib/python3.10/site-packages:/opt/ros/humble/local/lib/python3.10/dist-packages'), ('LC_NUMERIC', 'ko_KR.UTF-8'), ('LC_PAPER', 'ko_KR.UTF-8'), ('COLCON', '1'), ('CMAKE_PREFIX_PATH', '/opt/ros/humble')]), 'shell': False}
[0.060998] (turtle_cpp) StdoutLine: {'line': b'-- The C compiler identification is GNU 11.4.0\n'}
[0.061236] (turtle_interfaces) StdoutLine: {'line': b'-- The C compiler identification is GNU 11.4.0\n'}
[0.099827] (-) TimerEvent: {}
[0.107094] (turtle_interfaces) StdoutLine: {'line': b'-- The CXX compiler identification is GNU 11.4.0\n'}
[0.107288] (turtle_cpp) StdoutLine: {'line': b'-- The CXX compiler identification is GNU 11.4.0\n'}
[0.113385] (turtle_cpp) StdoutLine: {'line': b'-- Detecting C compiler ABI info\n'}
[0.113635] (turtle_interfaces) StdoutLine: {'line': b'-- Detecting C compiler ABI info\n'}
[0.174572] (turtle_interfaces) StdoutLine: {'line': b'-- Detecting C compiler ABI info - done\n'}
[0.174894] (turtle_cpp) StdoutLine: {'line': b'-- Detecting C compiler ABI info - done\n'}
[0.180435] (turtle_interfaces) StdoutLine: {'line': b'-- Check for working C compiler: /usr/bin/cc - skipped\n'}
[0.180701] (turtle_interfaces) StdoutLine: {'line': b'-- Detecting C compile features\n'}
[0.181055] (turtle_interfaces) StdoutLine: {'line': b'-- Detecting C compile features - done\n'}
[0.181410] (turtle_cpp) StdoutLine: {'line': b'-- Check for working C compiler: /usr/bin/cc - skipped\n'}
[0.181604] (turtle_cpp) StdoutLine: {'line': b'-- Detecting C compile features\n'}
[0.181911] (turtle_cpp) StdoutLine: {'line': b'-- Detecting C compile features - done\n'}
[0.183420] (turtle_interfaces) StdoutLine: {'line': b'-- Detecting CXX compiler ABI info\n'}
[0.184224] (turtle_cpp) StdoutLine: {'line': b'-- Detecting CXX compiler ABI info\n'}
[0.199932] (-) TimerEvent: {}
[0.267334] (turtle_interfaces) StdoutLine: {'line': b'-- Detecting CXX compiler ABI info - done\n'}
[0.267517] (turtle_cpp) StdoutLine: {'line': b'-- Detecting CXX compiler ABI info - done\n'}
[0.273368] (turtle_cpp) StdoutLine: {'line': b'-- Check for working CXX compiler: /usr/bin/c++ - skipped\n'}
[0.273556] (turtle_interfaces) StdoutLine: {'line': b'-- Check for working CXX compiler: /usr/bin/c++ - skipped\n'}
[0.273676] (turtle_interfaces) StdoutLine: {'line': b'-- Detecting CXX compile features\n'}
[0.273817] (turtle_cpp) StdoutLine: {'line': b'-- Detecting CXX compile features\n'}
[0.273960] (turtle_cpp) StdoutLine: {'line': b'-- Detecting CXX compile features - done\n'}
[0.274065] (turtle_interfaces) StdoutLine: {'line': b'-- Detecting CXX compile features - done\n'}
[0.276241] (turtle_cpp) StdoutLine: {'line': b'-- Found ament_cmake: 1.3.14 (/opt/ros/humble/share/ament_cmake/cmake)\n'}
[0.276332] (turtle_interfaces) StdoutLine: {'line': b'-- Found ament_cmake: 1.3.14 (/opt/ros/humble/share/ament_cmake/cmake)\n'}
[0.300038] (-) TimerEvent: {}
[0.398707] (turtle_interfaces) StdoutLine: {'line': b'-- Found Python3: /usr/bin/python3 (found version "3.10.12") found components: Interpreter \n'}
[0.399291] (turtle_cpp) StdoutLine: {'line': b'-- Found Python3: /usr/bin/python3 (found version "3.10.12") found components: Interpreter \n'}
[0.400105] (-) TimerEvent: {}
[0.449284] (turtle_interfaces) StdoutLine: {'line': b'-- Override CMake install command with custom implementation using symlinks instead of copying resources\n'}
[0.449477] (turtle_cpp) StdoutLine: {'line': b'-- Override CMake install command with custom implementation using symlinks instead of copying resources\n'}
[0.473318] (turtle_interfaces) StdoutLine: {'line': b'-- Found rosidl_default_generators: 1.2.1 (/opt/ros/humble/share/rosidl_default_generators/cmake)\n'}
[0.473766] (turtle_cpp) StdoutLine: {'line': b'-- Found rclcpp: 16.0.19 (/opt/ros/humble/share/rclcpp/cmake)\n'}
[0.475607] (turtle_interfaces) StdoutLine: {'line': b'-- Using all available rosidl_typesupport_c: rosidl_typesupport_fastrtps_c;rosidl_typesupport_introspection_c\n'}
[0.481293] (turtle_interfaces) StdoutLine: {'line': b'-- Found rosidl_adapter: 3.1.9 (/opt/ros/humble/share/rosidl_adapter/cmake)\n'}
[0.500225] (-) TimerEvent: {}
[0.509242] (turtle_cpp) StdoutLine: {'line': b'-- Found rosidl_generator_c: 3.1.9 (/opt/ros/humble/share/rosidl_generator_c/cmake)\n'}
[0.513517] (turtle_cpp) StdoutLine: {'line': b'-- Found rosidl_adapter: 3.1.9 (/opt/ros/humble/share/rosidl_adapter/cmake)\n'}
[0.515059] (turtle_interfaces) StdoutLine: {'line': b'-- Using all available rosidl_typesupport_cpp: rosidl_typesupport_fastrtps_cpp;rosidl_typesupport_introspection_cpp\n'}
[0.520494] (turtle_cpp) StdoutLine: {'line': b'-- Found rosidl_generator_cpp: 3.1.9 (/opt/ros/humble/share/rosidl_generator_cpp/cmake)\n'}
[0.530176] (turtle_cpp) StdoutLine: {'line': b'-- Using all available rosidl_typesupport_c: rosidl_typesupport_fastrtps_c;rosidl_typesupport_introspection_c\n'}
[0.542937] (turtle_cpp) StdoutLine: {'line': b'-- Using all available rosidl_typesupport_cpp: rosidl_typesupport_fastrtps_cpp;rosidl_typesupport_introspection_cpp\n'}
[0.546193] (turtle_interfaces) StdoutLine: {'line': b'-- Found std_msgs: 4.9.1 (/opt/ros/humble/share/std_msgs/cmake)\n'}
[0.567133] (turtle_interfaces) StdoutLine: {'line': b'-- Found action_msgs: 1.2.3 (/opt/ros/humble/share/action_msgs/cmake)\n'}
[0.578288] (turtle_cpp) StdoutLine: {'line': b'-- Found rmw_implementation_cmake: 6.1.2 (/opt/ros/humble/share/rmw_implementation_cmake/cmake)\n'}
[0.580439] (turtle_cpp) StdoutLine: {'line': b'-- Found rmw_fastrtps_cpp: 6.2.10 (/opt/ros/humble/share/rmw_fastrtps_cpp/cmake)\n'}
[0.600340] (-) TimerEvent: {}
[0.661925] (turtle_cpp) StdoutLine: {'line': b'-- Found OpenSSL: /usr/lib/x86_64-linux-gnu/libcrypto.so (found version "3.0.2")  \n'}
[0.687523] (turtle_cpp) StdoutLine: {'line': b'-- Found FastRTPS: /opt/ros/humble/include  \n'}
[0.700436] (-) TimerEvent: {}
[0.727479] (turtle_cpp) StdoutLine: {'line': b"-- Using RMW implementation 'rmw_fastrtps_cpp' as default\n"}
[0.734780] (turtle_cpp) StdoutLine: {'line': b'-- Looking for pthread.h\n'}
[0.800118] (turtle_cpp) StdoutLine: {'line': b'-- Looking for pthread.h - found\n'}
[0.800513] (-) TimerEvent: {}
[0.800636] (turtle_cpp) StdoutLine: {'line': b'-- Performing Test CMAKE_HAVE_LIBC_PTHREAD\n'}
[0.821393] (turtle_interfaces) StdoutLine: {'line': b'-- Found ament_cmake_ros: 0.10.0 (/opt/ros/humble/share/ament_cmake_ros/cmake)\n'}
[0.832092] (turtle_py) Command: {'cmd': ['/usr/bin/python3', '-W', 'ignore:setup.py install is deprecated', '-W', 'ignore:easy_install command is deprecated', 'setup.py', 'develop', '--editable', '--build-directory', '/home/sgjzz1/git/physicalai-lv1-gyujinsim/physicalai-lv1-assignments-main/lv1_module2_student/ros2_ws/build/turtle_py/build', '--no-deps', 'symlink_data'], 'cwd': '/home/sgjzz1/git/physicalai-lv1-gyujinsim/physicalai-lv1-assignments-main/lv1_module2_student/ros2_ws/build/turtle_py', 'env': {'GJS_DEBUG_TOPICS': 'JS ERROR;JS LOG', 'PYTHON_BASIC_REPL': '1', 'LESSOPEN': '| /usr/bin/lesspipe %s', 'LANGUAGE': 'en_US:en', 'USER': 'sgjzz1', 'LC_TIME': 'ko_KR.UTF-8', 'XDG_SESSION_TYPE': 'x11', 'GIT_ASKPASS': '/usr/share/code/resources/app/extensions/git/dist/askpass.sh', 'SHLVL': '1', 'LD_LIBRARY_PATH': '/usr/lib/x86_64-linux-gnu/gazebo-11/plugins:/opt/ros/humble/opt/rviz_ogre_vendor/lib:/opt/ros/humble/lib/x86_64-linux-gnu:/opt/ros/humble/lib', 'HOME': '/home/sgjzz1', 'CHROME_DESKTOP': 'code.desktop', 'OLDPWD': '/home/sgjzz1/git/physicalai-lv1-gyujinsim/physicalai-lv1-assignments-main/lv1_module2_student', 'TERM_PROGRAM_VERSION': '1.129.1', 'DESKTOP_SESSION': 'ubuntu', 'GIO_LAUNCHED_DESKTOP_FILE': '/usr/share/applications/code.desktop', 'ROS_PYTHON_VERSION': '3', 'GNOME_SHELL_SESSION_MODE': 'ubuntu', 'GTK_MODULES': 'gail:atk-bridge', 'VSCODE_GIT_ASKPASS_MAIN': '/usr/share/code/resources/app/extensions/git/dist/askpass-main.js', 'LC_MONETARY': 'ko_KR.UTF-8', 'VSCODE_GIT_ASKPASS_NODE': '/usr/share/code/code', 'MANAGERPID': '1987', 'PYDEVD_DISABLE_FILE_VALIDATION': '1', 'SYSTEMD_EXEC_PID': '2230', 'BUNDLED_DEBUGPY_PATH': '/home/sgjzz1/.vscode/extensions/ms-python.debugpy-2026.6.0-linux-x64/bundled/libs/debugpy', 'VSCODE_PYTHON_AUTOACTIVATE_GUARD': '1', 'DBUS_SESSION_BUS_ADDRESS': 'unix:path=/run/user/1000/bus', 'COLORTERM': 'truecolor', 'GIO_LAUNCHED_DESKTOP_FILE_PID': '29561', 'ROS_DISTRO': 'humble', 'GTK_IM_MODULE': 'ibus', 'LOGNAME': 'sgjzz1', 'JOURNAL_STREAM': '8:17964', '_': '/usr/bin/colcon', 'ROS_VERSION': '2', 'XDG_SESSION_CLASS': 'user', 'USERNAME': 'sgjzz1', 'TERM': 'xterm-256color', 'GNOME_DESKTOP_SESSION_ID': 'this-is-deprecated', 'FC_FONTATIONS': '1', 'ROS_LOCALHOST_ONLY': '0', 'WINDOWPATH': '2', 'PATH': '/opt/ros/humble/bin:/home/sgjzz1/.config/Code/User/globalStorage/github.copilot-chat/debugCommand:/home/sgjzz1/.config/Code/User/globalStorage/github.copilot-chat/copilotCli:/home/sgjzz1/.local/bin:/home/sgjzz1/.local/bin:/usr/local/sbin:/usr/local/bin:/usr/sbin:/usr/bin:/sbin:/bin:/usr/games:/usr/local/games:/snap/bin:/snap/bin:/home/sgjzz1/.vscode/extensions/ms-python.debugpy-2026.6.0-linux-x64/bundled/scripts/noConfigScripts', 'SESSION_MANAGER': 'local/sgjzz1:@/tmp/.ICE-unix/2203,unix/sgjzz1:/tmp/.ICE-unix/2203', 'INVOCATION_ID': '808d078eb90c4ca0bedf830c4e456770', 'PAPERSIZE': 'a4', 'XDG_MENU_PREFIX': 'gnome-', 'LC_ADDRESS': 'ko_KR.UTF-8', 'XDG_RUNTIME_DIR': '/run/user/1000', 'GDK_BACKEND': 'x11', 'DISPLAY': ':1', 'VSCODE_DEBUGPY_ADAPTER_ENDPOINTS': '/home/sgjzz1/.vscode/extensions/ms-python.debugpy-2026.6.0-linux-x64/.noConfigDebugAdapterEndpoints/endpoint-802681cb17f2891c.txt', 'LANG': 'en_US.UTF-8', 'XDG_CURRENT_DESKTOP': 'ubuntu:GNOME', 'PYTHONSTARTUP': '/home/sgjzz1/.config/Code/User/workspaceStorage/2635ab38cf0fae7d6203d74eaf814616/ms-python.python/pythonrc.py', 'LC_TELEPHONE': 'ko_KR.UTF-8', 'XMODIFIERS': '@im=ibus', 'XDG_SESSION_DESKTOP': 'ubuntu', 'XAUTHORITY': '/run/user/1000/gdm/Xauthority', 'LS_COLORS': 'rs=0:di=01;34:ln=01;36:mh=00:pi=40;33:so=01;35:do=01;35:bd=40;33;01:cd=40;33;01:or=40;31;01:mi=00:su=37;41:sg=30;43:ca=30;41:tw=30;42:ow=34;42:st=37;44:ex=01;32:*.tar=01;31:*.tgz=01;31:*.arc=01;31:*.arj=01;31:*.taz=01;31:*.lha=01;31:*.lz4=01;31:*.lzh=01;31:*.lzma=01;31:*.tlz=01;31:*.txz=01;31:*.tzo=01;31:*.t7z=01;31:*.zip=01;31:*.z=01;31:*.dz=01;31:*.gz=01;31:*.lrz=01;31:*.lz=01;31:*.lzo=01;31:*.xz=01;31:*.zst=01;31:*.tzst=01;31:*.bz2=01;31:*.bz=01;31:*.tbz=01;31:*.tbz2=01;31:*.tz=01;31:*.deb=01;31:*.rpm=01;31:*.jar=01;31:*.war=01;31:*.ear=01;31:*.sar=01;31:*.rar=01;31:*.alz=01;31:*.ace=01;31:*.zoo=01;31:*.cpio=01;31:*.7z=01;31:*.rz=01;31:*.cab=01;31:*.wim=01;31:*.swm=01;31:*.dwm=01;31:*.esd=01;31:*.jpg=01;35:*.jpeg=01;35:*.mjpg=01;35:*.mjpeg=01;35:*.gif=01;35:*.bmp=01;35:*.pbm=01;35:*.pgm=01;35:*.ppm=01;35:*.tga=01;35:*.xbm=01;35:*.xpm=01;35:*.tif=01;35:*.tiff=01;35:*.png=01;35:*.svg=01;35:*.svgz=01;35:*.mng=01;35:*.pcx=01;35:*.mov=01;35:*.mpg=01;35:*.mpeg=01;35:*.m2v=01;35:*.mkv=01;35:*.webm=01;35:*.webp=01;35:*.ogm=01;35:*.mp4=01;35:*.m4v=01;35:*.mp4v=01;35:*.vob=01;35:*.qt=01;35:*.nuv=01;35:*.wmv=01;35:*.asf=01;35:*.rm=01;35:*.rmvb=01;35:*.flc=01;35:*.avi=01;35:*.fli=01;35:*.flv=01;35:*.gl=01;35:*.dl=01;35:*.xcf=01;35:*.xwd=01;35:*.yuv=01;35:*.cgm=01;35:*.emf=01;35:*.ogv=01;35:*.ogx=01;35:*.aac=00;36:*.au=00;36:*.flac=00;36:*.m4a=00;36:*.mid=00;36:*.midi=00;36:*.mka=00;36:*.mp3=00;36:*.mpc=00;36:*.ogg=00;36:*.ra=00;36:*.wav=00;36:*.oga=00;36:*.opus=00;36:*.spx=00;36:*.xspf=00;36:', 'VSCODE_GIT_IPC_HANDLE': '/run/user/1000/vscode-git-26048dab54.sock', 'TERM_PROGRAM': 'vscode', 'SSH_AGENT_LAUNCHER': 'gnome-keyring', 'SSH_AUTH_SOCK': '/run/user/1000/keyring/ssh', 'AMENT_PREFIX_PATH': '/opt/ros/humble', 'SHELL': '/bin/bash', 'LC_NAME': 'ko_KR.UTF-8', 'QT_ACCESSIBILITY': '1', 'GDMSESSION': 'ubuntu', 'LESSCLOSE': '/usr/bin/lesspipe %s %s', 'LC_MEASUREMENT': 'ko_KR.UTF-8', 'GPG_AGENT_INFO': '/run/user/1000/gnupg/S.gpg-agent:0:1', 'GJS_DEBUG_OUTPUT': 'stderr', 'LC_IDENTIFICATION': 'ko_KR.UTF-8', 'VSCODE_GIT_ASKPASS_EXTRA_ARGS': '', 'QT_IM_MODULE': 'ibus', 'PWD': '/home/sgjzz1/git/physicalai-lv1-gyujinsim/physicalai-lv1-assignments-main/lv1_module2_student/ros2_ws/build/turtle_py', 'LC_ALL': 'en_US.UTF-8', 'XDG_CONFIG_DIRS': '/etc/xdg/xdg-ubuntu:/etc/xdg', 'COPILOT_DEBUG_NONCE': '4b106a26769a60d375c272b8c3e55bdc', 'XDG_DATA_DIRS': '/usr/share/ubuntu:/usr/share/gnome:/usr/local/share/:/usr/share/:/var/lib/snapd/desktop', 'PYTHONPATH': '/home/sgjzz1/git/physicalai-lv1-gyujinsim/physicalai-lv1-assignments-main/lv1_module2_student/ros2_ws/build/turtle_py/prefix_override:/usr/lib/python3/dist-packages/colcon_core/task/python/colcon_distutils_commands:/home/sgjzz1/git/physicalai-lv1-gyujinsim/physicalai-lv1-assignments-main/lv1_module2_student/ros2_ws/install/turtle_py/lib/python3.10/site-packages:/opt/ros/humble/lib/python3.10/site-packages:/opt/ros/humble/local/lib/python3.10/dist-packages', 'LC_NUMERIC': 'ko_KR.UTF-8', 'LC_PAPER': 'ko_KR.UTF-8', 'COLCON': '1'}, 'shell': False}
[0.866882] (turtle_cpp) StdoutLine: {'line': b'-- Performing Test CMAKE_HAVE_LIBC_PTHREAD - Success\n'}
[0.867769] (turtle_cpp) StdoutLine: {'line': b'-- Found Threads: TRUE  \n'}
[0.900630] (-) TimerEvent: {}
[0.911825] (turtle_cpp) StdoutLine: {'line': b'-- Found turtlesim: 1.4.3 (/opt/ros/humble/share/turtlesim/cmake)\n'}
[0.947498] (turtle_cpp) StdoutLine: {'line': b'-- Found geometry_msgs: 4.9.1 (/opt/ros/humble/share/geometry_msgs/cmake)\n'}
[1.000743] (-) TimerEvent: {}
[1.015034] (turtle_interfaces) StdoutLine: {'line': b'-- Using all available rosidl_typesupport_c: rosidl_typesupport_fastrtps_c;rosidl_typesupport_introspection_c\n'}
[1.017000] (turtle_cpp) StdoutLine: {'line': b'-- Configuring done\n'}
[1.034690] (turtle_cpp) StdoutLine: {'line': b'-- Generating done\n'}
[1.039791] (turtle_cpp) StdoutLine: {'line': b'-- Build files have been written to: /home/sgjzz1/git/physicalai-lv1-gyujinsim/physicalai-lv1-assignments-main/lv1_module2_student/ros2_ws/build/turtle_cpp\n'}
[1.049323] (turtle_cpp) CommandEnded: {'returncode': 0}
[1.049992] (turtle_cpp) JobProgress: {'identifier': 'turtle_cpp', 'progress': 'build'}
[1.050818] (turtle_cpp) Command: {'cmd': ['/usr/bin/cmake', '--build', '/home/sgjzz1/git/physicalai-lv1-gyujinsim/physicalai-lv1-assignments-main/lv1_module2_student/ros2_ws/build/turtle_cpp', '--', '-j16', '-l16'], 'cwd': '/home/sgjzz1/git/physicalai-lv1-gyujinsim/physicalai-lv1-assignments-main/lv1_module2_student/ros2_ws/build/turtle_cpp', 'env': OrderedDict([('GJS_DEBUG_TOPICS', 'JS ERROR;JS LOG'), ('PYTHON_BASIC_REPL', '1'), ('LESSOPEN', '| /usr/bin/lesspipe %s'), ('LANGUAGE', 'en_US:en'), ('USER', 'sgjzz1'), ('LC_TIME', 'ko_KR.UTF-8'), ('XDG_SESSION_TYPE', 'x11'), ('GIT_ASKPASS', '/usr/share/code/resources/app/extensions/git/dist/askpass.sh'), ('SHLVL', '1'), ('LD_LIBRARY_PATH', '/usr/lib/x86_64-linux-gnu/gazebo-11/plugins:/opt/ros/humble/opt/rviz_ogre_vendor/lib:/opt/ros/humble/lib/x86_64-linux-gnu:/opt/ros/humble/lib'), ('HOME', '/home/sgjzz1'), ('CHROME_DESKTOP', 'code.desktop'), ('OLDPWD', '/home/sgjzz1/git/physicalai-lv1-gyujinsim/physicalai-lv1-assignments-main/lv1_module2_student'), ('TERM_PROGRAM_VERSION', '1.129.1'), ('DESKTOP_SESSION', 'ubuntu'), ('GIO_LAUNCHED_DESKTOP_FILE', '/usr/share/applications/code.desktop'), ('ROS_PYTHON_VERSION', '3'), ('GNOME_SHELL_SESSION_MODE', 'ubuntu'), ('GTK_MODULES', 'gail:atk-bridge'), ('VSCODE_GIT_ASKPASS_MAIN', '/usr/share/code/resources/app/extensions/git/dist/askpass-main.js'), ('LC_MONETARY', 'ko_KR.UTF-8'), ('VSCODE_GIT_ASKPASS_NODE', '/usr/share/code/code'), ('MANAGERPID', '1987'), ('PYDEVD_DISABLE_FILE_VALIDATION', '1'), ('SYSTEMD_EXEC_PID', '2230'), ('BUNDLED_DEBUGPY_PATH', '/home/sgjzz1/.vscode/extensions/ms-python.debugpy-2026.6.0-linux-x64/bundled/libs/debugpy'), ('VSCODE_PYTHON_AUTOACTIVATE_GUARD', '1'), ('DBUS_SESSION_BUS_ADDRESS', 'unix:path=/run/user/1000/bus'), ('COLORTERM', 'truecolor'), ('GIO_LAUNCHED_DESKTOP_FILE_PID', '29561'), ('ROS_DISTRO', 'humble'), ('GTK_IM_MODULE', 'ibus'), ('LOGNAME', 'sgjzz1'), ('JOURNAL_STREAM', '8:17964'), ('_', '/usr/bin/colcon'), ('ROS_VERSION', '2'), ('XDG_SESSION_CLASS', 'user'), ('USERNAME', 'sgjzz1'), ('TERM', 'xterm-256color'), ('GNOME_DESKTOP_SESSION_ID', 'this-is-deprecated'), ('FC_FONTATIONS', '1'), ('ROS_LOCALHOST_ONLY', '0'), ('WINDOWPATH', '2'), ('PATH', '/opt/ros/humble/bin:/home/sgjzz1/.config/Code/User/globalStorage/github.copilot-chat/debugCommand:/home/sgjzz1/.config/Code/User/globalStorage/github.copilot-chat/copilotCli:/home/sgjzz1/.local/bin:/home/sgjzz1/.local/bin:/usr/local/sbin:/usr/local/bin:/usr/sbin:/usr/bin:/sbin:/bin:/usr/games:/usr/local/games:/snap/bin:/snap/bin:/home/sgjzz1/.vscode/extensions/ms-python.debugpy-2026.6.0-linux-x64/bundled/scripts/noConfigScripts'), ('SESSION_MANAGER', 'local/sgjzz1:@/tmp/.ICE-unix/2203,unix/sgjzz1:/tmp/.ICE-unix/2203'), ('INVOCATION_ID', '808d078eb90c4ca0bedf830c4e456770'), ('PAPERSIZE', 'a4'), ('XDG_MENU_PREFIX', 'gnome-'), ('LC_ADDRESS', 'ko_KR.UTF-8'), ('XDG_RUNTIME_DIR', '/run/user/1000'), ('GDK_BACKEND', 'x11'), ('DISPLAY', ':1'), ('VSCODE_DEBUGPY_ADAPTER_ENDPOINTS', '/home/sgjzz1/.vscode/extensions/ms-python.debugpy-2026.6.0-linux-x64/.noConfigDebugAdapterEndpoints/endpoint-802681cb17f2891c.txt'), ('LANG', 'en_US.UTF-8'), ('XDG_CURRENT_DESKTOP', 'ubuntu:GNOME'), ('PYTHONSTARTUP', '/home/sgjzz1/.config/Code/User/workspaceStorage/2635ab38cf0fae7d6203d74eaf814616/ms-python.python/pythonrc.py'), ('LC_TELEPHONE', 'ko_KR.UTF-8'), ('XMODIFIERS', '@im=ibus'), ('XDG_SESSION_DESKTOP', 'ubuntu'), ('XAUTHORITY', '/run/user/1000/gdm/Xauthority'), ('LS_COLORS', 'rs=0:di=01;34:ln=01;36:mh=00:pi=40;33:so=01;35:do=01;35:bd=40;33;01:cd=40;33;01:or=40;31;01:mi=00:su=37;41:sg=30;43:ca=30;41:tw=30;42:ow=34;42:st=37;44:ex=01;32:*.tar=01;31:*.tgz=01;31:*.arc=01;31:*.arj=01;31:*.taz=01;31:*.lha=01;31:*.lz4=01;31:*.lzh=01;31:*.lzma=01;31:*.tlz=01;31:*.txz=01;31:*.tzo=01;31:*.t7z=01;31:*.zip=01;31:*.z=01;31:*.dz=01;31:*.gz=01;31:*.lrz=01;31:*.lz=01;31:*.lzo=01;31:*.xz=01;31:*.zst=01;31:*.tzst=01;31:*.bz2=01;31:*.bz=01;31:*.tbz=01;31:*.tbz2=01;31:*.tz=01;31:*.deb=01;31:*.rpm=01;31:*.jar=01;31:*.war=01;31:*.ear=01;31:*.sar=01;31:*.rar=01;31:*.alz=01;31:*.ace=01;31:*.zoo=01;31:*.cpio=01;31:*.7z=01;31:*.rz=01;31:*.cab=01;31:*.wim=01;31:*.swm=01;31:*.dwm=01;31:*.esd=01;31:*.jpg=01;35:*.jpeg=01;35:*.mjpg=01;35:*.mjpeg=01;35:*.gif=01;35:*.bmp=01;35:*.pbm=01;35:*.pgm=01;35:*.ppm=01;35:*.tga=01;35:*.xbm=01;35:*.xpm=01;35:*.tif=01;35:*.tiff=01;35:*.png=01;35:*.svg=01;35:*.svgz=01;35:*.mng=01;35:*.pcx=01;35:*.mov=01;35:*.mpg=01;35:*.mpeg=01;35:*.m2v=01;35:*.mkv=01;35:*.webm=01;35:*.webp=01;35:*.ogm=01;35:*.mp4=01;35:*.m4v=01;35:*.mp4v=01;35:*.vob=01;35:*.qt=01;35:*.nuv=01;35:*.wmv=01;35:*.asf=01;35:*.rm=01;35:*.rmvb=01;35:*.flc=01;35:*.avi=01;35:*.fli=01;35:*.flv=01;35:*.gl=01;35:*.dl=01;35:*.xcf=01;35:*.xwd=01;35:*.yuv=01;35:*.cgm=01;35:*.emf=01;35:*.ogv=01;35:*.ogx=01;35:*.aac=00;36:*.au=00;36:*.flac=00;36:*.m4a=00;36:*.mid=00;36:*.midi=00;36:*.mka=00;36:*.mp3=00;36:*.mpc=00;36:*.ogg=00;36:*.ra=00;36:*.wav=00;36:*.oga=00;36:*.opus=00;36:*.spx=00;36:*.xspf=00;36:'), ('VSCODE_GIT_IPC_HANDLE', '/run/user/1000/vscode-git-26048dab54.sock'), ('TERM_PROGRAM', 'vscode'), ('SSH_AGENT_LAUNCHER', 'gnome-keyring'), ('SSH_AUTH_SOCK', '/run/user/1000/keyring/ssh'), ('AMENT_PREFIX_PATH', '/opt/ros/humble'), ('SHELL', '/bin/bash'), ('LC_NAME', 'ko_KR.UTF-8'), ('QT_ACCESSIBILITY', '1'), ('GDMSESSION', 'ubuntu'), ('LESSCLOSE', '/usr/bin/lesspipe %s %s'), ('LC_MEASUREMENT', 'ko_KR.UTF-8'), ('GPG_AGENT_INFO', '/run/user/1000/gnupg/S.gpg-agent:0:1'), ('GJS_DEBUG_OUTPUT', 'stderr'), ('LC_IDENTIFICATION', 'ko_KR.UTF-8'), ('VSCODE_GIT_ASKPASS_EXTRA_ARGS', ''), ('QT_IM_MODULE', 'ibus'), ('PWD', '/home/sgjzz1/git/physicalai-lv1-gyujinsim/physicalai-lv1-assignments-main/lv1_module2_student/ros2_ws/build/turtle_cpp'), ('LC_ALL', 'en_US.UTF-8'), ('XDG_CONFIG_DIRS', '/etc/xdg/xdg-ubuntu:/etc/xdg'), ('COPILOT_DEBUG_NONCE', '4b106a26769a60d375c272b8c3e55bdc'), ('XDG_DATA_DIRS', '/usr/share/ubuntu:/usr/share/gnome:/usr/local/share/:/usr/share/:/var/lib/snapd/desktop'), ('PYTHONPATH', '/opt/ros/humble/lib/python3.10/site-packages:/opt/ros/humble/local/lib/python3.10/dist-packages'), ('LC_NUMERIC', 'ko_KR.UTF-8'), ('LC_PAPER', 'ko_KR.UTF-8'), ('COLCON', '1'), ('CMAKE_PREFIX_PATH', '/opt/ros/humble')]), 'shell': False}
[1.071974] (turtle_py) StdoutLine: {'line': b'running develop\n'}
[1.100839] (-) TimerEvent: {}
[1.101620] (turtle_cpp) StdoutLine: {'line': b'[ 50%] \x1b[32mBuilding CXX object CMakeFiles/sub.dir/src/distance_subscriber.cpp.o\x1b[0m\n'}
[1.101778] (turtle_cpp) StdoutLine: {'line': b'[ 50%] \x1b[32mBuilding CXX object CMakeFiles/pub.dir/src/distance_publisher.cpp.o\x1b[0m\n'}
[1.101847] (turtle_cpp) StdoutLine: {'line': b'[ 50%] \x1b[32mBuilding CXX object CMakeFiles/square.dir/src/square_move.cpp.o\x1b[0m\n'}
[1.200947] (-) TimerEvent: {}
[1.256534] (turtle_py) StdoutLine: {'line': b'running egg_info\n'}
[1.256707] (turtle_py) StdoutLine: {'line': b'creating turtle_py.egg-info\n'}
[1.256875] (turtle_py) StdoutLine: {'line': b'writing turtle_py.egg-info/PKG-INFO\n'}
[1.257037] (turtle_py) StdoutLine: {'line': b'writing dependency_links to turtle_py.egg-info/dependency_links.txt\n'}
[1.257204] (turtle_py) StdoutLine: {'line': b'writing entry points to turtle_py.egg-info/entry_points.txt\n'}
[1.257348] (turtle_py) StdoutLine: {'line': b'writing requirements to turtle_py.egg-info/requires.txt\n'}
[1.257458] (turtle_py) StdoutLine: {'line': b'writing top-level names to turtle_py.egg-info/top_level.txt\n'}
[1.257627] (turtle_py) StdoutLine: {'line': b"writing manifest file 'turtle_py.egg-info/SOURCES.txt'\n"}
[1.259038] (turtle_py) StdoutLine: {'line': b"reading manifest file 'turtle_py.egg-info/SOURCES.txt'\n"}
[1.259500] (turtle_py) StdoutLine: {'line': b"writing manifest file 'turtle_py.egg-info/SOURCES.txt'\n"}
[1.260580] (turtle_py) StdoutLine: {'line': b'running build_ext\n'}
[1.260725] (turtle_py) StdoutLine: {'line': b'Creating /home/sgjzz1/git/physicalai-lv1-gyujinsim/physicalai-lv1-assignments-main/lv1_module2_student/ros2_ws/install/turtle_py/lib/python3.10/site-packages/turtle-py.egg-link (link to .)\n'}
[1.261413] (turtle_py) StdoutLine: {'line': b'Installing pub script to /home/sgjzz1/git/physicalai-lv1-gyujinsim/physicalai-lv1-assignments-main/lv1_module2_student/ros2_ws/install/turtle_py/lib/turtle_py\n'}
[1.261544] (turtle_py) StdoutLine: {'line': b'Installing square script to /home/sgjzz1/git/physicalai-lv1-gyujinsim/physicalai-lv1-assignments-main/lv1_module2_student/ros2_ws/install/turtle_py/lib/turtle_py\n'}
[1.261667] (turtle_py) StdoutLine: {'line': b'Installing sub script to /home/sgjzz1/git/physicalai-lv1-gyujinsim/physicalai-lv1-assignments-main/lv1_module2_student/ros2_ws/install/turtle_py/lib/turtle_py\n'}
[1.261796] (turtle_py) StdoutLine: {'line': b'Installing tf script to /home/sgjzz1/git/physicalai-lv1-gyujinsim/physicalai-lv1-assignments-main/lv1_module2_student/ros2_ws/install/turtle_py/lib/turtle_py\n'}
[1.261924] (turtle_py) StdoutLine: {'line': b'\n'}
[1.262008] (turtle_py) StdoutLine: {'line': b'Installed /home/sgjzz1/git/physicalai-lv1-gyujinsim/physicalai-lv1-assignments-main/lv1_module2_student/ros2_ws/build/turtle_py\n'}
[1.262137] (turtle_py) StdoutLine: {'line': b'running symlink_data\n'}
[1.262242] (turtle_py) StdoutLine: {'line': b'creating /home/sgjzz1/git/physicalai-lv1-gyujinsim/physicalai-lv1-assignments-main/lv1_module2_student/ros2_ws/install/turtle_py/share/ament_index\n'}
[1.262342] (turtle_py) StdoutLine: {'line': b'creating /home/sgjzz1/git/physicalai-lv1-gyujinsim/physicalai-lv1-assignments-main/lv1_module2_student/ros2_ws/install/turtle_py/share/ament_index/resource_index\n'}
[1.262416] (turtle_py) StdoutLine: {'line': b'creating /home/sgjzz1/git/physicalai-lv1-gyujinsim/physicalai-lv1-assignments-main/lv1_module2_student/ros2_ws/install/turtle_py/share/ament_index/resource_index/packages\n'}
[1.262487] (turtle_py) StdoutLine: {'line': b'symbolically linking /home/sgjzz1/git/physicalai-lv1-gyujinsim/physicalai-lv1-assignments-main/lv1_module2_student/ros2_ws/build/turtle_py/resource/turtle_py -> /home/sgjzz1/git/physicalai-lv1-gyujinsim/physicalai-lv1-assignments-main/lv1_module2_student/ros2_ws/install/turtle_py/share/ament_index/resource_index/packages\n'}
[1.262560] (turtle_py) StdoutLine: {'line': b'symbolically linking /home/sgjzz1/git/physicalai-lv1-gyujinsim/physicalai-lv1-assignments-main/lv1_module2_student/ros2_ws/build/turtle_py/package.xml -> /home/sgjzz1/git/physicalai-lv1-gyujinsim/physicalai-lv1-assignments-main/lv1_module2_student/ros2_ws/install/turtle_py/share/turtle_py\n'}
[1.269338] (turtle_interfaces) StdoutLine: {'line': b'-- Using all available rosidl_typesupport_cpp: rosidl_typesupport_fastrtps_cpp;rosidl_typesupport_introspection_cpp\n'}
[1.289486] (turtle_interfaces) StdoutLine: {'line': b'-- Found PythonInterp: /usr/bin/python3 (found suitable version "3.10.12", minimum required is "3.6") \n'}
[1.290975] (turtle_interfaces) StdoutLine: {'line': b'-- Found python_cmake_module: 0.10.0 (/opt/ros/humble/share/python_cmake_module/cmake)\n'}
[1.291693] (turtle_py) CommandEnded: {'returncode': 0}
[1.301434] (-) TimerEvent: {}
[1.304914] (turtle_py) JobEnded: {'identifier': 'turtle_py', 'rc': 0}
[1.314040] (turtle_interfaces) StdoutLine: {'line': b'-- Found PythonLibs: /usr/lib/x86_64-linux-gnu/libpython3.10.so (found suitable version "3.10.12", minimum required is "3.5") \n'}
[1.314294] (turtle_interfaces) StdoutLine: {'line': b'-- Using PYTHON_EXECUTABLE: /usr/bin/python3\n'}
[1.314413] (turtle_interfaces) StdoutLine: {'line': b'-- Using PYTHON_INCLUDE_DIRS: /usr/include/python3.10\n'}
[1.314526] (turtle_interfaces) StdoutLine: {'line': b'-- Using PYTHON_LIBRARIES: /usr/lib/x86_64-linux-gnu/libpython3.10.so\n'}
[1.332735] (turtle_interfaces) StdoutLine: {'line': b'-- Found PythonExtra: .so  \n'}
[1.401561] (-) TimerEvent: {}
[1.447342] (turtle_interfaces) StdoutLine: {'line': b'-- Configuring done\n'}
[1.487962] (turtle_interfaces) StdoutLine: {'line': b'-- Generating done\n'}
[1.500648] (turtle_interfaces) StdoutLine: {'line': b'-- Build files have been written to: /home/sgjzz1/git/physicalai-lv1-gyujinsim/physicalai-lv1-assignments-main/lv1_module2_student/ros2_ws/build/turtle_interfaces\n'}
[1.501651] (-) TimerEvent: {}
[1.510191] (turtle_interfaces) CommandEnded: {'returncode': 0}
[1.511113] (turtle_interfaces) JobProgress: {'identifier': 'turtle_interfaces', 'progress': 'build'}
[1.511652] (turtle_interfaces) Command: {'cmd': ['/usr/bin/cmake', '--build', '/home/sgjzz1/git/physicalai-lv1-gyujinsim/physicalai-lv1-assignments-main/lv1_module2_student/ros2_ws/build/turtle_interfaces', '--', '-j16', '-l16'], 'cwd': '/home/sgjzz1/git/physicalai-lv1-gyujinsim/physicalai-lv1-assignments-main/lv1_module2_student/ros2_ws/build/turtle_interfaces', 'env': OrderedDict([('GJS_DEBUG_TOPICS', 'JS ERROR;JS LOG'), ('PYTHON_BASIC_REPL', '1'), ('LESSOPEN', '| /usr/bin/lesspipe %s'), ('LANGUAGE', 'en_US:en'), ('USER', 'sgjzz1'), ('LC_TIME', 'ko_KR.UTF-8'), ('XDG_SESSION_TYPE', 'x11'), ('GIT_ASKPASS', '/usr/share/code/resources/app/extensions/git/dist/askpass.sh'), ('SHLVL', '1'), ('LD_LIBRARY_PATH', '/usr/lib/x86_64-linux-gnu/gazebo-11/plugins:/opt/ros/humble/opt/rviz_ogre_vendor/lib:/opt/ros/humble/lib/x86_64-linux-gnu:/opt/ros/humble/lib'), ('HOME', '/home/sgjzz1'), ('CHROME_DESKTOP', 'code.desktop'), ('OLDPWD', '/home/sgjzz1/git/physicalai-lv1-gyujinsim/physicalai-lv1-assignments-main/lv1_module2_student'), ('TERM_PROGRAM_VERSION', '1.129.1'), ('DESKTOP_SESSION', 'ubuntu'), ('GIO_LAUNCHED_DESKTOP_FILE', '/usr/share/applications/code.desktop'), ('ROS_PYTHON_VERSION', '3'), ('GNOME_SHELL_SESSION_MODE', 'ubuntu'), ('GTK_MODULES', 'gail:atk-bridge'), ('VSCODE_GIT_ASKPASS_MAIN', '/usr/share/code/resources/app/extensions/git/dist/askpass-main.js'), ('LC_MONETARY', 'ko_KR.UTF-8'), ('VSCODE_GIT_ASKPASS_NODE', '/usr/share/code/code'), ('MANAGERPID', '1987'), ('PYDEVD_DISABLE_FILE_VALIDATION', '1'), ('SYSTEMD_EXEC_PID', '2230'), ('BUNDLED_DEBUGPY_PATH', '/home/sgjzz1/.vscode/extensions/ms-python.debugpy-2026.6.0-linux-x64/bundled/libs/debugpy'), ('VSCODE_PYTHON_AUTOACTIVATE_GUARD', '1'), ('DBUS_SESSION_BUS_ADDRESS', 'unix:path=/run/user/1000/bus'), ('COLORTERM', 'truecolor'), ('GIO_LAUNCHED_DESKTOP_FILE_PID', '29561'), ('ROS_DISTRO', 'humble'), ('GTK_IM_MODULE', 'ibus'), ('LOGNAME', 'sgjzz1'), ('JOURNAL_STREAM', '8:17964'), ('_', '/usr/bin/colcon'), ('ROS_VERSION', '2'), ('XDG_SESSION_CLASS', 'user'), ('USERNAME', 'sgjzz1'), ('TERM', 'xterm-256color'), ('GNOME_DESKTOP_SESSION_ID', 'this-is-deprecated'), ('FC_FONTATIONS', '1'), ('ROS_LOCALHOST_ONLY', '0'), ('WINDOWPATH', '2'), ('PATH', '/opt/ros/humble/bin:/home/sgjzz1/.config/Code/User/globalStorage/github.copilot-chat/debugCommand:/home/sgjzz1/.config/Code/User/globalStorage/github.copilot-chat/copilotCli:/home/sgjzz1/.local/bin:/home/sgjzz1/.local/bin:/usr/local/sbin:/usr/local/bin:/usr/sbin:/usr/bin:/sbin:/bin:/usr/games:/usr/local/games:/snap/bin:/snap/bin:/home/sgjzz1/.vscode/extensions/ms-python.debugpy-2026.6.0-linux-x64/bundled/scripts/noConfigScripts'), ('SESSION_MANAGER', 'local/sgjzz1:@/tmp/.ICE-unix/2203,unix/sgjzz1:/tmp/.ICE-unix/2203'), ('INVOCATION_ID', '808d078eb90c4ca0bedf830c4e456770'), ('PAPERSIZE', 'a4'), ('XDG_MENU_PREFIX', 'gnome-'), ('LC_ADDRESS', 'ko_KR.UTF-8'), ('XDG_RUNTIME_DIR', '/run/user/1000'), ('GDK_BACKEND', 'x11'), ('DISPLAY', ':1'), ('VSCODE_DEBUGPY_ADAPTER_ENDPOINTS', '/home/sgjzz1/.vscode/extensions/ms-python.debugpy-2026.6.0-linux-x64/.noConfigDebugAdapterEndpoints/endpoint-802681cb17f2891c.txt'), ('LANG', 'en_US.UTF-8'), ('XDG_CURRENT_DESKTOP', 'ubuntu:GNOME'), ('PYTHONSTARTUP', '/home/sgjzz1/.config/Code/User/workspaceStorage/2635ab38cf0fae7d6203d74eaf814616/ms-python.python/pythonrc.py'), ('LC_TELEPHONE', 'ko_KR.UTF-8'), ('XMODIFIERS', '@im=ibus'), ('XDG_SESSION_DESKTOP', 'ubuntu'), ('XAUTHORITY', '/run/user/1000/gdm/Xauthority'), ('LS_COLORS', 'rs=0:di=01;34:ln=01;36:mh=00:pi=40;33:so=01;35:do=01;35:bd=40;33;01:cd=40;33;01:or=40;31;01:mi=00:su=37;41:sg=30;43:ca=30;41:tw=30;42:ow=34;42:st=37;44:ex=01;32:*.tar=01;31:*.tgz=01;31:*.arc=01;31:*.arj=01;31:*.taz=01;31:*.lha=01;31:*.lz4=01;31:*.lzh=01;31:*.lzma=01;31:*.tlz=01;31:*.txz=01;31:*.tzo=01;31:*.t7z=01;31:*.zip=01;31:*.z=01;31:*.dz=01;31:*.gz=01;31:*.lrz=01;31:*.lz=01;31:*.lzo=01;31:*.xz=01;31:*.zst=01;31:*.tzst=01;31:*.bz2=01;31:*.bz=01;31:*.tbz=01;31:*.tbz2=01;31:*.tz=01;31:*.deb=01;31:*.rpm=01;31:*.jar=01;31:*.war=01;31:*.ear=01;31:*.sar=01;31:*.rar=01;31:*.alz=01;31:*.ace=01;31:*.zoo=01;31:*.cpio=01;31:*.7z=01;31:*.rz=01;31:*.cab=01;31:*.wim=01;31:*.swm=01;31:*.dwm=01;31:*.esd=01;31:*.jpg=01;35:*.jpeg=01;35:*.mjpg=01;35:*.mjpeg=01;35:*.gif=01;35:*.bmp=01;35:*.pbm=01;35:*.pgm=01;35:*.ppm=01;35:*.tga=01;35:*.xbm=01;35:*.xpm=01;35:*.tif=01;35:*.tiff=01;35:*.png=01;35:*.svg=01;35:*.svgz=01;35:*.mng=01;35:*.pcx=01;35:*.mov=01;35:*.mpg=01;35:*.mpeg=01;35:*.m2v=01;35:*.mkv=01;35:*.webm=01;35:*.webp=01;35:*.ogm=01;35:*.mp4=01;35:*.m4v=01;35:*.mp4v=01;35:*.vob=01;35:*.qt=01;35:*.nuv=01;35:*.wmv=01;35:*.asf=01;35:*.rm=01;35:*.rmvb=01;35:*.flc=01;35:*.avi=01;35:*.fli=01;35:*.flv=01;35:*.gl=01;35:*.dl=01;35:*.xcf=01;35:*.xwd=01;35:*.yuv=01;35:*.cgm=01;35:*.emf=01;35:*.ogv=01;35:*.ogx=01;35:*.aac=00;36:*.au=00;36:*.flac=00;36:*.m4a=00;36:*.mid=00;36:*.midi=00;36:*.mka=00;36:*.mp3=00;36:*.mpc=00;36:*.ogg=00;36:*.ra=00;36:*.wav=00;36:*.oga=00;36:*.opus=00;36:*.spx=00;36:*.xspf=00;36:'), ('VSCODE_GIT_IPC_HANDLE', '/run/user/1000/vscode-git-26048dab54.sock'), ('TERM_PROGRAM', 'vscode'), ('SSH_AGENT_LAUNCHER', 'gnome-keyring'), ('SSH_AUTH_SOCK', '/run/user/1000/keyring/ssh'), ('AMENT_PREFIX_PATH', '/opt/ros/humble'), ('SHELL', '/bin/bash'), ('LC_NAME', 'ko_KR.UTF-8'), ('QT_ACCESSIBILITY', '1'), ('GDMSESSION', 'ubuntu'), ('LESSCLOSE', '/usr/bin/lesspipe %s %s'), ('LC_MEASUREMENT', 'ko_KR.UTF-8'), ('GPG_AGENT_INFO', '/run/user/1000/gnupg/S.gpg-agent:0:1'), ('GJS_DEBUG_OUTPUT', 'stderr'), ('LC_IDENTIFICATION', 'ko_KR.UTF-8'), ('VSCODE_GIT_ASKPASS_EXTRA_ARGS', ''), ('QT_IM_MODULE', 'ibus'), ('PWD', '/home/sgjzz1/git/physicalai-lv1-gyujinsim/physicalai-lv1-assignments-main/lv1_module2_student/ros2_ws/build/turtle_interfaces'), ('LC_ALL', 'en_US.UTF-8'), ('XDG_CONFIG_DIRS', '/etc/xdg/xdg-ubuntu:/etc/xdg'), ('COPILOT_DEBUG_NONCE', '4b106a26769a60d375c272b8c3e55bdc'), ('XDG_DATA_DIRS', '/usr/share/ubuntu:/usr/share/gnome:/usr/local/share/:/usr/share/:/var/lib/snapd/desktop'), ('PYTHONPATH', '/opt/ros/humble/lib/python3.10/site-packages:/opt/ros/humble/local/lib/python3.10/dist-packages'), ('LC_NUMERIC', 'ko_KR.UTF-8'), ('LC_PAPER', 'ko_KR.UTF-8'), ('COLCON', '1'), ('CMAKE_PREFIX_PATH', '/opt/ros/humble')]), 'shell': False}
[1.557267] (turtle_interfaces) StdoutLine: {'line': b'[  1%] \x1b[34m\x1b[1mGenerating C code for ROS interfaces\x1b[0m\n'}
[1.568253] (turtle_interfaces) StdoutLine: {'line': b'[  3%] \x1b[34m\x1b[1mGenerating Rust code for ROS interfaces\x1b[0m\n'}
[1.569271] (turtle_interfaces) StdoutLine: {'line': b'[  5%] \x1b[34m\x1b[1mGenerating C++ code for ROS interfaces\x1b[0m\n'}
[1.583629] (turtle_interfaces) StdoutLine: {'line': b'[  5%] Built target ament_cmake_python_symlink_turtle_interfaces\n'}
[1.601812] (-) TimerEvent: {}
[1.702206] (-) TimerEvent: {}
[1.802591] (-) TimerEvent: {}
[1.846861] (turtle_interfaces) StdoutLine: {'line': b'running egg_info\n'}
[1.847530] (turtle_interfaces) StdoutLine: {'line': b'creating turtle_interfaces.egg-info\n'}
[1.847804] (turtle_interfaces) StdoutLine: {'line': b'writing turtle_interfaces.egg-info/PKG-INFO\n'}
[1.848010] (turtle_interfaces) StdoutLine: {'line': b'writing dependency_links to turtle_interfaces.egg-info/dependency_links.txt\n'}
[1.848169] (turtle_interfaces) StdoutLine: {'line': b'writing top-level names to turtle_interfaces.egg-info/top_level.txt\n'}
[1.848378] (turtle_interfaces) StdoutLine: {'line': b"writing manifest file 'turtle_interfaces.egg-info/SOURCES.txt'\n"}
[1.850496] (turtle_interfaces) StdoutLine: {'line': b"reading manifest file 'turtle_interfaces.egg-info/SOURCES.txt'\n"}
[1.851157] (turtle_interfaces) StdoutLine: {'line': b"writing manifest file 'turtle_interfaces.egg-info/SOURCES.txt'\n"}
[1.889153] (turtle_interfaces) StdoutLine: {'line': b'[  5%] Built target ament_cmake_python_build_turtle_interfaces_egg\n'}
[1.902723] (-) TimerEvent: {}
[2.003102] (-) TimerEvent: {}
[2.103463] (-) TimerEvent: {}
[2.152750] (turtle_interfaces) StdoutLine: {'line': b'[  5%] Built target turtle_interfaces__rs\n'}
[2.203587] (-) TimerEvent: {}
[2.303916] (-) TimerEvent: {}
[2.370841] (turtle_interfaces) StdoutLine: {'line': b'[ 10%] \x1b[32mBuilding C object CMakeFiles/turtle_interfaces__rosidl_generator_c.dir/rosidl_generator_c/turtle_interfaces/action/detail/draw_polygon__functions.c.o\x1b[0m\n'}
[2.371148] (turtle_interfaces) StdoutLine: {'line': b'[ 10%] \x1b[32mBuilding C object CMakeFiles/turtle_interfaces__rosidl_generator_c.dir/rosidl_generator_c/turtle_interfaces/srv/detail/set_gain__functions.c.o\x1b[0m\n'}
[2.371251] (turtle_interfaces) StdoutLine: {'line': b'[ 10%] \x1b[32mBuilding C object CMakeFiles/turtle_interfaces__rosidl_generator_c.dir/rosidl_generator_c/turtle_interfaces/msg/detail/waypoint__functions.c.o\x1b[0m\n'}
[2.373324] (turtle_interfaces) StdoutLine: {'line': b'[ 12%] \x1b[32mBuilding C object CMakeFiles/turtle_interfaces__rosidl_generator_c.dir/rosidl_generator_c/turtle_interfaces/msg/detail/waypoint_list__functions.c.o\x1b[0m\n'}
[2.401610] (turtle_interfaces) StdoutLine: {'line': b'[ 12%] Built target turtle_interfaces__cpp\n'}
[2.404053] (-) TimerEvent: {}
[2.413117] (turtle_interfaces) StdoutLine: {'line': b'[ 16%] \x1b[34m\x1b[1mGenerating C++ introspection for ROS interfaces\x1b[0m\n'}
[2.413388] (turtle_interfaces) StdoutLine: {'line': b'[ 16%] \x1b[34m\x1b[1mGenerating C++ type support dispatch for ROS interfaces\x1b[0m\n'}
[2.413562] (turtle_interfaces) StdoutLine: {'line': b'[ 17%] \x1b[34m\x1b[1mGenerating C++ type support for eProsima Fast-RTPS\x1b[0m\n'}
[2.482659] (turtle_interfaces) StdoutLine: {'line': b'[ 19%] \x1b[32m\x1b[1mLinking C shared library libturtle_interfaces__rosidl_generator_c.so\x1b[0m\n'}
[2.504180] (-) TimerEvent: {}
[2.520852] (turtle_interfaces) StdoutLine: {'line': b'[ 19%] Built target turtle_interfaces__rosidl_generator_c\n'}
[2.531732] (turtle_interfaces) StdoutLine: {'line': b'[ 21%] \x1b[34m\x1b[1mGenerating C type support for eProsima Fast-RTPS\x1b[0m\n'}
[2.533558] (turtle_interfaces) StdoutLine: {'line': b'[ 23%] \x1b[34m\x1b[1mGenerating C type support dispatch for ROS interfaces\x1b[0m\n'}
[2.533814] (turtle_interfaces) StdoutLine: {'line': b'[ 25%] \x1b[34m\x1b[1mGenerating C introspection for ROS interfaces\x1b[0m\n'}
[2.604302] (-) TimerEvent: {}
[2.704645] (-) TimerEvent: {}
[2.804996] (-) TimerEvent: {}
[2.905319] (-) TimerEvent: {}
[3.000861] (turtle_interfaces) StdoutLine: {'line': b'[ 30%] \x1b[32mBuilding CXX object CMakeFiles/turtle_interfaces__rosidl_typesupport_cpp.dir/rosidl_typesupport_cpp/turtle_interfaces/msg/waypoint__type_support.cpp.o\x1b[0m\n'}
[3.001107] (turtle_interfaces) StdoutLine: {'line': b'[ 30%] \x1b[32mBuilding CXX object CMakeFiles/turtle_interfaces__rosidl_typesupport_cpp.dir/rosidl_typesupport_cpp/turtle_interfaces/srv/set_gain__type_support.cpp.o\x1b[0m\n'}
[3.001236] (turtle_interfaces) StdoutLine: {'line': b'[ 30%] \x1b[32mBuilding CXX object CMakeFiles/turtle_interfaces__rosidl_typesupport_cpp.dir/rosidl_typesupport_cpp/turtle_interfaces/msg/waypoint_list__type_support.cpp.o\x1b[0m\n'}
[3.001331] (turtle_interfaces) StdoutLine: {'line': b'[ 32%] \x1b[32mBuilding CXX object CMakeFiles/turtle_interfaces__rosidl_typesupport_cpp.dir/rosidl_typesupport_cpp/turtle_interfaces/action/draw_polygon__type_support.cpp.o\x1b[0m\n'}
[3.005446] (-) TimerEvent: {}
[3.075009] (turtle_interfaces) StdoutLine: {'line': b'[ 37%] \x1b[32mBuilding CXX object CMakeFiles/turtle_interfaces__rosidl_typesupport_introspection_cpp.dir/rosidl_typesupport_introspection_cpp/turtle_interfaces/msg/detail/waypoint_list__type_support.cpp.o\x1b[0m\n'}
[3.075260] (turtle_interfaces) StdoutLine: {'line': b'[ 37%] \x1b[32mBuilding CXX object CMakeFiles/turtle_interfaces__rosidl_typesupport_introspection_cpp.dir/rosidl_typesupport_introspection_cpp/turtle_interfaces/msg/detail/waypoint__type_support.cpp.o\x1b[0m\n'}
[3.075382] (turtle_interfaces) StdoutLine: {'line': b'[ 39%] \x1b[32mBuilding CXX object CMakeFiles/turtle_interfaces__rosidl_typesupport_introspection_cpp.dir/rosidl_typesupport_introspection_cpp/turtle_interfaces/action/detail/draw_polygon__type_support.cpp.o\x1b[0m\n'}
[3.075487] (turtle_interfaces) StdoutLine: {'line': b'[ 39%] \x1b[32mBuilding CXX object CMakeFiles/turtle_interfaces__rosidl_typesupport_introspection_cpp.dir/rosidl_typesupport_introspection_cpp/turtle_interfaces/srv/detail/set_gain__type_support.cpp.o\x1b[0m\n'}
[3.105600] (-) TimerEvent: {}
[3.206853] (-) TimerEvent: {}
[3.212944] (turtle_interfaces) StdoutLine: {'line': b'[ 41%] \x1b[32mBuilding CXX object CMakeFiles/turtle_interfaces__rosidl_typesupport_c.dir/rosidl_typesupport_c/turtle_interfaces/msg/waypoint__type_support.cpp.o\x1b[0m\n'}
[3.223920] (turtle_interfaces) StdoutLine: {'line': b'[ 42%] \x1b[32mBuilding CXX object CMakeFiles/turtle_interfaces__rosidl_typesupport_c.dir/rosidl_typesupport_c/turtle_interfaces/msg/waypoint_list__type_support.cpp.o\x1b[0m\n'}
[3.232342] (turtle_interfaces) StdoutLine: {'line': b'[ 44%] \x1b[32mBuilding CXX object CMakeFiles/turtle_interfaces__rosidl_typesupport_c.dir/rosidl_typesupport_c/turtle_interfaces/srv/set_gain__type_support.cpp.o\x1b[0m\n'}
[3.235955] (turtle_interfaces) StdoutLine: {'line': b'[ 46%] \x1b[32mBuilding CXX object CMakeFiles/turtle_interfaces__rosidl_typesupport_c.dir/rosidl_typesupport_c/turtle_interfaces/action/draw_polygon__type_support.cpp.o\x1b[0m\n'}
[3.271540] (turtle_interfaces) StdoutLine: {'line': b'[ 48%] \x1b[32mBuilding CXX object CMakeFiles/turtle_interfaces__rosidl_typesupport_fastrtps_cpp.dir/rosidl_typesupport_fastrtps_cpp/turtle_interfaces/srv/detail/dds_fastrtps/set_gain__type_support.cpp.o\x1b[0m\n'}
[3.274058] (turtle_interfaces) StdoutLine: {'line': b'[ 50%] \x1b[32mBuilding CXX object CMakeFiles/turtle_interfaces__rosidl_typesupport_fastrtps_cpp.dir/rosidl_typesupport_fastrtps_cpp/turtle_interfaces/msg/detail/dds_fastrtps/waypoint__type_support.cpp.o\x1b[0m\n'}
[3.275353] (turtle_interfaces) StdoutLine: {'line': b'[ 51%] \x1b[32mBuilding CXX object CMakeFiles/turtle_interfaces__rosidl_typesupport_fastrtps_cpp.dir/rosidl_typesupport_fastrtps_cpp/turtle_interfaces/msg/detail/dds_fastrtps/waypoint_list__type_support.cpp.o\x1b[0m\n'}
[3.287842] (turtle_interfaces) StdoutLine: {'line': b'[ 53%] \x1b[32mBuilding CXX object CMakeFiles/turtle_interfaces__rosidl_typesupport_fastrtps_cpp.dir/rosidl_typesupport_fastrtps_cpp/turtle_interfaces/action/detail/dds_fastrtps/draw_polygon__type_support.cpp.o\x1b[0m\n'}
[3.306984] (-) TimerEvent: {}
[3.382839] (turtle_interfaces) StdoutLine: {'line': b'[ 55%] \x1b[32m\x1b[1mLinking CXX shared library libturtle_interfaces__rosidl_typesupport_c.so\x1b[0m\n'}
[3.407123] (-) TimerEvent: {}
[3.477880] (turtle_interfaces) StdoutLine: {'line': b'[ 55%] Built target turtle_interfaces__rosidl_typesupport_c\n'}
[3.507260] (-) TimerEvent: {}
[3.607673] (-) TimerEvent: {}
[3.685417] (turtle_interfaces) StdoutLine: {'line': b'[ 57%] \x1b[32m\x1b[1mLinking CXX shared library libturtle_interfaces__rosidl_typesupport_cpp.so\x1b[0m\n'}
[3.707861] (-) TimerEvent: {}
[3.730848] (turtle_interfaces) StdoutLine: {'line': b'[ 58%] \x1b[32mBuilding C object CMakeFiles/turtle_interfaces__rosidl_typesupport_introspection_c.dir/rosidl_typesupport_introspection_c/turtle_interfaces/msg/detail/waypoint__type_support.c.o\x1b[0m\n'}
[3.732680] (turtle_interfaces) StdoutLine: {'line': b'[ 60%] \x1b[32mBuilding C object CMakeFiles/turtle_interfaces__rosidl_typesupport_introspection_c.dir/rosidl_typesupport_introspection_c/turtle_interfaces/srv/detail/set_gain__type_support.c.o\x1b[0m\n'}
[3.734766] (turtle_interfaces) StdoutLine: {'line': b'[ 62%] \x1b[32mBuilding C object CMakeFiles/turtle_interfaces__rosidl_typesupport_introspection_c.dir/rosidl_typesupport_introspection_c/turtle_interfaces/action/detail/draw_polygon__type_support.c.o\x1b[0m\n'}
[3.735142] (turtle_interfaces) StdoutLine: {'line': b'[ 64%] \x1b[32mBuilding C object CMakeFiles/turtle_interfaces__rosidl_typesupport_introspection_c.dir/rosidl_typesupport_introspection_c/turtle_interfaces/msg/detail/waypoint_list__type_support.c.o\x1b[0m\n'}
[3.768906] (turtle_interfaces) StdoutLine: {'line': b'[ 66%] \x1b[32mBuilding CXX object CMakeFiles/turtle_interfaces__rosidl_typesupport_fastrtps_c.dir/rosidl_typesupport_fastrtps_c/turtle_interfaces/msg/detail/waypoint__type_support_c.cpp.o\x1b[0m\n'}
[3.769272] (turtle_interfaces) StdoutLine: {'line': b'[ 66%] Built target turtle_interfaces__rosidl_typesupport_cpp\n'}
[3.769463] (turtle_interfaces) StdoutLine: {'line': b'[ 67%] \x1b[32mBuilding CXX object CMakeFiles/turtle_interfaces__rosidl_typesupport_fastrtps_c.dir/rosidl_typesupport_fastrtps_c/turtle_interfaces/msg/detail/waypoint_list__type_support_c.cpp.o\x1b[0m\n'}
[3.773481] (turtle_interfaces) StdoutLine: {'line': b'[ 69%] \x1b[32mBuilding CXX object CMakeFiles/turtle_interfaces__rosidl_typesupport_fastrtps_c.dir/rosidl_typesupport_fastrtps_c/turtle_interfaces/srv/detail/set_gain__type_support_c.cpp.o\x1b[0m\n'}
[3.774621] (turtle_interfaces) StdoutLine: {'line': b'[ 71%] \x1b[32mBuilding CXX object CMakeFiles/turtle_interfaces__rosidl_typesupport_fastrtps_c.dir/rosidl_typesupport_fastrtps_c/turtle_interfaces/action/detail/draw_polygon__type_support_c.cpp.o\x1b[0m\n'}
[3.808075] (-) TimerEvent: {}
[3.815000] (turtle_interfaces) StdoutLine: {'line': b'[ 73%] \x1b[32m\x1b[1mLinking C shared library libturtle_interfaces__rosidl_typesupport_introspection_c.so\x1b[0m\n'}
[3.863251] (turtle_interfaces) StdoutLine: {'line': b'[ 73%] Built target turtle_interfaces__rosidl_typesupport_introspection_c\n'}
[3.880911] (turtle_interfaces) StdoutLine: {'line': b'[ 75%] \x1b[32m\x1b[1mLinking CXX shared library libturtle_interfaces__rosidl_typesupport_introspection_cpp.so\x1b[0m\n'}
[3.908219] (-) TimerEvent: {}
[3.978711] (turtle_interfaces) StdoutLine: {'line': b'[ 75%] Built target turtle_interfaces__rosidl_typesupport_introspection_cpp\n'}
[3.996663] (turtle_interfaces) StdoutLine: {'line': b'[ 76%] \x1b[32m\x1b[1mLinking CXX shared library libturtle_interfaces__rosidl_typesupport_fastrtps_cpp.so\x1b[0m\n'}
[4.008362] (-) TimerEvent: {}
[4.091798] (turtle_interfaces) StdoutLine: {'line': b'[ 76%] Built target turtle_interfaces__rosidl_typesupport_fastrtps_cpp\n'}
[4.108486] (-) TimerEvent: {}
[4.160944] (turtle_interfaces) StdoutLine: {'line': b'[ 78%] \x1b[32m\x1b[1mLinking CXX shared library libturtle_interfaces__rosidl_typesupport_fastrtps_c.so\x1b[0m\n'}
[4.208624] (-) TimerEvent: {}
[4.230396] (turtle_interfaces) StdoutLine: {'line': b'[ 78%] Built target turtle_interfaces__rosidl_typesupport_fastrtps_c\n'}
[4.249998] (turtle_interfaces) StdoutLine: {'line': b'[ 78%] Built target turtle_interfaces\n'}
[4.269903] (turtle_interfaces) StdoutLine: {'line': b'[ 80%] \x1b[34m\x1b[1mGenerating Python code for ROS interfaces\x1b[0m\n'}
[4.308747] (-) TimerEvent: {}
[4.409064] (-) TimerEvent: {}
[4.509363] (-) TimerEvent: {}
[4.609666] (-) TimerEvent: {}
[4.709979] (-) TimerEvent: {}
[4.810285] (-) TimerEvent: {}
[4.910564] (-) TimerEvent: {}
[5.010832] (-) TimerEvent: {}
[5.111120] (-) TimerEvent: {}
[5.211405] (-) TimerEvent: {}
[5.308387] (turtle_cpp) StdoutLine: {'line': b'[ 66%] \x1b[32m\x1b[1mLinking CXX executable square\x1b[0m\n'}
[5.311499] (-) TimerEvent: {}
[5.411786] (-) TimerEvent: {}
[5.467231] (turtle_cpp) StdoutLine: {'line': b'[ 66%] Built target square\n'}
[5.511933] (-) TimerEvent: {}
[5.530302] (turtle_interfaces) StdoutLine: {'line': b'[ 80%] Built target turtle_interfaces__py\n'}
[5.550092] (turtle_interfaces) StdoutLine: {'line': b'[ 87%] \x1b[32mBuilding C object CMakeFiles/turtle_interfaces__rosidl_generator_py.dir/rosidl_generator_py/turtle_interfaces/msg/_waypoint_list_s.c.o\x1b[0m\n'}
[5.550280] (turtle_interfaces) StdoutLine: {'line': b'[ 87%] \x1b[32mBuilding C object CMakeFiles/turtle_interfaces__rosidl_generator_py.dir/rosidl_generator_py/turtle_interfaces/action/_draw_polygon_s.c.o\x1b[0m\n'}
[5.550351] (turtle_interfaces) StdoutLine: {'line': b'[ 87%] \x1b[32mBuilding C object CMakeFiles/turtle_interfaces__rosidl_generator_py.dir/rosidl_generator_py/turtle_interfaces/msg/_waypoint_s.c.o\x1b[0m\n'}
[5.550412] (turtle_interfaces) StdoutLine: {'line': b'[ 87%] \x1b[32mBuilding C object CMakeFiles/turtle_interfaces__rosidl_generator_py.dir/rosidl_generator_py/turtle_interfaces/srv/_set_gain_s.c.o\x1b[0m\n'}
[5.612071] (-) TimerEvent: {}
[5.666268] (turtle_interfaces) StdoutLine: {'line': b'[ 89%] \x1b[32m\x1b[1mLinking C shared library rosidl_generator_py/turtle_interfaces/libturtle_interfaces__rosidl_generator_py.so\x1b[0m\n'}
[5.707287] (turtle_interfaces) StdoutLine: {'line': b'[ 89%] Built target turtle_interfaces__rosidl_generator_py\n'}
[5.712178] (-) TimerEvent: {}
[5.726928] (turtle_interfaces) StdoutLine: {'line': b'[ 94%] \x1b[32mBuilding C object CMakeFiles/turtle_interfaces__rosidl_typesupport_introspection_c__pyext.dir/rosidl_generator_py/turtle_interfaces/_turtle_interfaces_s.ep.rosidl_typesupport_introspection_c.c.o\x1b[0m\n'}
[5.727144] (turtle_interfaces) StdoutLine: {'line': b'[ 94%] \x1b[32mBuilding C object CMakeFiles/turtle_interfaces__rosidl_typesupport_fastrtps_c__pyext.dir/rosidl_generator_py/turtle_interfaces/_turtle_interfaces_s.ep.rosidl_typesupport_fastrtps_c.c.o\x1b[0m\n'}
[5.727218] (turtle_interfaces) StdoutLine: {'line': b'[ 94%] \x1b[32mBuilding C object CMakeFiles/turtle_interfaces__rosidl_typesupport_c__pyext.dir/rosidl_generator_py/turtle_interfaces/_turtle_interfaces_s.ep.rosidl_typesupport_c.c.o\x1b[0m\n'}
[5.812311] (-) TimerEvent: {}
[5.838250] (turtle_interfaces) StdoutLine: {'line': b'[100%] \x1b[32m\x1b[1mLinking C shared library rosidl_generator_py/turtle_interfaces/turtle_interfaces_s__rosidl_typesupport_introspection_c.cpython-310-x86_64-linux-gnu.so\x1b[0m\n'}
[5.838466] (turtle_interfaces) StdoutLine: {'line': b'[100%] \x1b[32m\x1b[1mLinking C shared library rosidl_generator_py/turtle_interfaces/turtle_interfaces_s__rosidl_typesupport_fastrtps_c.cpython-310-x86_64-linux-gnu.so\x1b[0m\n'}
[5.838544] (turtle_interfaces) StdoutLine: {'line': b'[100%] \x1b[32m\x1b[1mLinking C shared library rosidl_generator_py/turtle_interfaces/turtle_interfaces_s__rosidl_typesupport_c.cpython-310-x86_64-linux-gnu.so\x1b[0m\n'}
[5.878918] (turtle_interfaces) StdoutLine: {'line': b'[100%] Built target turtle_interfaces__rosidl_typesupport_introspection_c__pyext\n'}
[5.879189] (turtle_interfaces) StdoutLine: {'line': b'[100%] Built target turtle_interfaces__rosidl_typesupport_c__pyext\n'}
[5.879310] (turtle_interfaces) StdoutLine: {'line': b'[100%] Built target turtle_interfaces__rosidl_typesupport_fastrtps_c__pyext\n'}
[5.890924] (turtle_interfaces) CommandEnded: {'returncode': 0}
[5.891528] (turtle_interfaces) JobProgress: {'identifier': 'turtle_interfaces', 'progress': 'install'}
[5.900194] (turtle_interfaces) Command: {'cmd': ['/usr/bin/cmake', '--install', '/home/sgjzz1/git/physicalai-lv1-gyujinsim/physicalai-lv1-assignments-main/lv1_module2_student/ros2_ws/build/turtle_interfaces'], 'cwd': '/home/sgjzz1/git/physicalai-lv1-gyujinsim/physicalai-lv1-assignments-main/lv1_module2_student/ros2_ws/build/turtle_interfaces', 'env': OrderedDict([('GJS_DEBUG_TOPICS', 'JS ERROR;JS LOG'), ('PYTHON_BASIC_REPL', '1'), ('LESSOPEN', '| /usr/bin/lesspipe %s'), ('LANGUAGE', 'en_US:en'), ('USER', 'sgjzz1'), ('LC_TIME', 'ko_KR.UTF-8'), ('XDG_SESSION_TYPE', 'x11'), ('GIT_ASKPASS', '/usr/share/code/resources/app/extensions/git/dist/askpass.sh'), ('SHLVL', '1'), ('LD_LIBRARY_PATH', '/usr/lib/x86_64-linux-gnu/gazebo-11/plugins:/opt/ros/humble/opt/rviz_ogre_vendor/lib:/opt/ros/humble/lib/x86_64-linux-gnu:/opt/ros/humble/lib'), ('HOME', '/home/sgjzz1'), ('CHROME_DESKTOP', 'code.desktop'), ('OLDPWD', '/home/sgjzz1/git/physicalai-lv1-gyujinsim/physicalai-lv1-assignments-main/lv1_module2_student'), ('TERM_PROGRAM_VERSION', '1.129.1'), ('DESKTOP_SESSION', 'ubuntu'), ('GIO_LAUNCHED_DESKTOP_FILE', '/usr/share/applications/code.desktop'), ('ROS_PYTHON_VERSION', '3'), ('GNOME_SHELL_SESSION_MODE', 'ubuntu'), ('GTK_MODULES', 'gail:atk-bridge'), ('VSCODE_GIT_ASKPASS_MAIN', '/usr/share/code/resources/app/extensions/git/dist/askpass-main.js'), ('LC_MONETARY', 'ko_KR.UTF-8'), ('VSCODE_GIT_ASKPASS_NODE', '/usr/share/code/code'), ('MANAGERPID', '1987'), ('PYDEVD_DISABLE_FILE_VALIDATION', '1'), ('SYSTEMD_EXEC_PID', '2230'), ('BUNDLED_DEBUGPY_PATH', '/home/sgjzz1/.vscode/extensions/ms-python.debugpy-2026.6.0-linux-x64/bundled/libs/debugpy'), ('VSCODE_PYTHON_AUTOACTIVATE_GUARD', '1'), ('DBUS_SESSION_BUS_ADDRESS', 'unix:path=/run/user/1000/bus'), ('COLORTERM', 'truecolor'), ('GIO_LAUNCHED_DESKTOP_FILE_PID', '29561'), ('ROS_DISTRO', 'humble'), ('GTK_IM_MODULE', 'ibus'), ('LOGNAME', 'sgjzz1'), ('JOURNAL_STREAM', '8:17964'), ('_', '/usr/bin/colcon'), ('ROS_VERSION', '2'), ('XDG_SESSION_CLASS', 'user'), ('USERNAME', 'sgjzz1'), ('TERM', 'xterm-256color'), ('GNOME_DESKTOP_SESSION_ID', 'this-is-deprecated'), ('FC_FONTATIONS', '1'), ('ROS_LOCALHOST_ONLY', '0'), ('WINDOWPATH', '2'), ('PATH', '/opt/ros/humble/bin:/home/sgjzz1/.config/Code/User/globalStorage/github.copilot-chat/debugCommand:/home/sgjzz1/.config/Code/User/globalStorage/github.copilot-chat/copilotCli:/home/sgjzz1/.local/bin:/home/sgjzz1/.local/bin:/usr/local/sbin:/usr/local/bin:/usr/sbin:/usr/bin:/sbin:/bin:/usr/games:/usr/local/games:/snap/bin:/snap/bin:/home/sgjzz1/.vscode/extensions/ms-python.debugpy-2026.6.0-linux-x64/bundled/scripts/noConfigScripts'), ('SESSION_MANAGER', 'local/sgjzz1:@/tmp/.ICE-unix/2203,unix/sgjzz1:/tmp/.ICE-unix/2203'), ('INVOCATION_ID', '808d078eb90c4ca0bedf830c4e456770'), ('PAPERSIZE', 'a4'), ('XDG_MENU_PREFIX', 'gnome-'), ('LC_ADDRESS', 'ko_KR.UTF-8'), ('XDG_RUNTIME_DIR', '/run/user/1000'), ('GDK_BACKEND', 'x11'), ('DISPLAY', ':1'), ('VSCODE_DEBUGPY_ADAPTER_ENDPOINTS', '/home/sgjzz1/.vscode/extensions/ms-python.debugpy-2026.6.0-linux-x64/.noConfigDebugAdapterEndpoints/endpoint-802681cb17f2891c.txt'), ('LANG', 'en_US.UTF-8'), ('XDG_CURRENT_DESKTOP', 'ubuntu:GNOME'), ('PYTHONSTARTUP', '/home/sgjzz1/.config/Code/User/workspaceStorage/2635ab38cf0fae7d6203d74eaf814616/ms-python.python/pythonrc.py'), ('LC_TELEPHONE', 'ko_KR.UTF-8'), ('XMODIFIERS', '@im=ibus'), ('XDG_SESSION_DESKTOP', 'ubuntu'), ('XAUTHORITY', '/run/user/1000/gdm/Xauthority'), ('LS_COLORS', 'rs=0:di=01;34:ln=01;36:mh=00:pi=40;33:so=01;35:do=01;35:bd=40;33;01:cd=40;33;01:or=40;31;01:mi=00:su=37;41:sg=30;43:ca=30;41:tw=30;42:ow=34;42:st=37;44:ex=01;32:*.tar=01;31:*.tgz=01;31:*.arc=01;31:*.arj=01;31:*.taz=01;31:*.lha=01;31:*.lz4=01;31:*.lzh=01;31:*.lzma=01;31:*.tlz=01;31:*.txz=01;31:*.tzo=01;31:*.t7z=01;31:*.zip=01;31:*.z=01;31:*.dz=01;31:*.gz=01;31:*.lrz=01;31:*.lz=01;31:*.lzo=01;31:*.xz=01;31:*.zst=01;31:*.tzst=01;31:*.bz2=01;31:*.bz=01;31:*.tbz=01;31:*.tbz2=01;31:*.tz=01;31:*.deb=01;31:*.rpm=01;31:*.jar=01;31:*.war=01;31:*.ear=01;31:*.sar=01;31:*.rar=01;31:*.alz=01;31:*.ace=01;31:*.zoo=01;31:*.cpio=01;31:*.7z=01;31:*.rz=01;31:*.cab=01;31:*.wim=01;31:*.swm=01;31:*.dwm=01;31:*.esd=01;31:*.jpg=01;35:*.jpeg=01;35:*.mjpg=01;35:*.mjpeg=01;35:*.gif=01;35:*.bmp=01;35:*.pbm=01;35:*.pgm=01;35:*.ppm=01;35:*.tga=01;35:*.xbm=01;35:*.xpm=01;35:*.tif=01;35:*.tiff=01;35:*.png=01;35:*.svg=01;35:*.svgz=01;35:*.mng=01;35:*.pcx=01;35:*.mov=01;35:*.mpg=01;35:*.mpeg=01;35:*.m2v=01;35:*.mkv=01;35:*.webm=01;35:*.webp=01;35:*.ogm=01;35:*.mp4=01;35:*.m4v=01;35:*.mp4v=01;35:*.vob=01;35:*.qt=01;35:*.nuv=01;35:*.wmv=01;35:*.asf=01;35:*.rm=01;35:*.rmvb=01;35:*.flc=01;35:*.avi=01;35:*.fli=01;35:*.flv=01;35:*.gl=01;35:*.dl=01;35:*.xcf=01;35:*.xwd=01;35:*.yuv=01;35:*.cgm=01;35:*.emf=01;35:*.ogv=01;35:*.ogx=01;35:*.aac=00;36:*.au=00;36:*.flac=00;36:*.m4a=00;36:*.mid=00;36:*.midi=00;36:*.mka=00;36:*.mp3=00;36:*.mpc=00;36:*.ogg=00;36:*.ra=00;36:*.wav=00;36:*.oga=00;36:*.opus=00;36:*.spx=00;36:*.xspf=00;36:'), ('VSCODE_GIT_IPC_HANDLE', '/run/user/1000/vscode-git-26048dab54.sock'), ('TERM_PROGRAM', 'vscode'), ('SSH_AGENT_LAUNCHER', 'gnome-keyring'), ('SSH_AUTH_SOCK', '/run/user/1000/keyring/ssh'), ('AMENT_PREFIX_PATH', '/opt/ros/humble'), ('SHELL', '/bin/bash'), ('LC_NAME', 'ko_KR.UTF-8'), ('QT_ACCESSIBILITY', '1'), ('GDMSESSION', 'ubuntu'), ('LESSCLOSE', '/usr/bin/lesspipe %s %s'), ('LC_MEASUREMENT', 'ko_KR.UTF-8'), ('GPG_AGENT_INFO', '/run/user/1000/gnupg/S.gpg-agent:0:1'), ('GJS_DEBUG_OUTPUT', 'stderr'), ('LC_IDENTIFICATION', 'ko_KR.UTF-8'), ('VSCODE_GIT_ASKPASS_EXTRA_ARGS', ''), ('QT_IM_MODULE', 'ibus'), ('PWD', '/home/sgjzz1/git/physicalai-lv1-gyujinsim/physicalai-lv1-assignments-main/lv1_module2_student/ros2_ws/build/turtle_interfaces'), ('LC_ALL', 'en_US.UTF-8'), ('XDG_CONFIG_DIRS', '/etc/xdg/xdg-ubuntu:/etc/xdg'), ('COPILOT_DEBUG_NONCE', '4b106a26769a60d375c272b8c3e55bdc'), ('XDG_DATA_DIRS', '/usr/share/ubuntu:/usr/share/gnome:/usr/local/share/:/usr/share/:/var/lib/snapd/desktop'), ('PYTHONPATH', '/opt/ros/humble/lib/python3.10/site-packages:/opt/ros/humble/local/lib/python3.10/dist-packages'), ('LC_NUMERIC', 'ko_KR.UTF-8'), ('LC_PAPER', 'ko_KR.UTF-8'), ('COLCON', '1'), ('CMAKE_PREFIX_PATH', '/opt/ros/humble')]), 'shell': False}
[5.907252] (turtle_interfaces) StdoutLine: {'line': b'-- Install configuration: ""\n'}
[5.907907] (turtle_interfaces) StdoutLine: {'line': b'-- Execute custom install script\n'}
[5.908336] (turtle_interfaces) StdoutLine: {'line': b'-- Symlinking: /home/sgjzz1/git/physicalai-lv1-gyujinsim/physicalai-lv1-assignments-main/lv1_module2_student/ros2_ws/install/turtle_interfaces/share/ament_index/resource_index/rosidl_interfaces/turtle_interfaces\n'}
[5.912389] (-) TimerEvent: {}
[5.917479] (turtle_interfaces) StdoutLine: {'line': b'-- Symlinking: /home/sgjzz1/git/physicalai-lv1-gyujinsim/physicalai-lv1-assignments-main/lv1_module2_student/ros2_ws/install/turtle_interfaces/include/turtle_interfaces/turtle_interfaces/action/detail/draw_polygon__functions.h\n'}
[5.926967] (turtle_interfaces) StdoutLine: {'line': b'-- Symlinking: /home/sgjzz1/git/physicalai-lv1-gyujinsim/physicalai-lv1-assignments-main/lv1_module2_student/ros2_ws/install/turtle_interfaces/include/turtle_interfaces/turtle_interfaces/action/detail/draw_polygon__struct.h\n'}
[5.936012] (turtle_interfaces) StdoutLine: {'line': b'-- Symlinking: /home/sgjzz1/git/physicalai-lv1-gyujinsim/physicalai-lv1-assignments-main/lv1_module2_student/ros2_ws/install/turtle_interfaces/include/turtle_interfaces/turtle_interfaces/action/detail/draw_polygon__type_support.h\n'}
[5.945574] (turtle_interfaces) StdoutLine: {'line': b'-- Symlinking: /home/sgjzz1/git/physicalai-lv1-gyujinsim/physicalai-lv1-assignments-main/lv1_module2_student/ros2_ws/install/turtle_interfaces/include/turtle_interfaces/turtle_interfaces/action/draw_polygon.h\n'}
[5.955079] (turtle_interfaces) StdoutLine: {'line': b'-- Symlinking: /home/sgjzz1/git/physicalai-lv1-gyujinsim/physicalai-lv1-assignments-main/lv1_module2_student/ros2_ws/install/turtle_interfaces/include/turtle_interfaces/turtle_interfaces/msg/detail/waypoint__functions.h\n'}
[5.964099] (turtle_interfaces) StdoutLine: {'line': b'-- Symlinking: /home/sgjzz1/git/physicalai-lv1-gyujinsim/physicalai-lv1-assignments-main/lv1_module2_student/ros2_ws/install/turtle_interfaces/include/turtle_interfaces/turtle_interfaces/msg/detail/waypoint__struct.h\n'}
[5.973227] (turtle_interfaces) StdoutLine: {'line': b'-- Symlinking: /home/sgjzz1/git/physicalai-lv1-gyujinsim/physicalai-lv1-assignments-main/lv1_module2_student/ros2_ws/install/turtle_interfaces/include/turtle_interfaces/turtle_interfaces/msg/detail/waypoint__type_support.h\n'}
[5.981879] (turtle_interfaces) StdoutLine: {'line': b'-- Symlinking: /home/sgjzz1/git/physicalai-lv1-gyujinsim/physicalai-lv1-assignments-main/lv1_module2_student/ros2_ws/install/turtle_interfaces/include/turtle_interfaces/turtle_interfaces/msg/detail/waypoint_list__functions.h\n'}
[5.990242] (turtle_interfaces) StdoutLine: {'line': b'-- Symlinking: /home/sgjzz1/git/physicalai-lv1-gyujinsim/physicalai-lv1-assignments-main/lv1_module2_student/ros2_ws/install/turtle_interfaces/include/turtle_interfaces/turtle_interfaces/msg/detail/waypoint_list__struct.h\n'}
[5.998433] (turtle_interfaces) StdoutLine: {'line': b'-- Symlinking: /home/sgjzz1/git/physicalai-lv1-gyujinsim/physicalai-lv1-assignments-main/lv1_module2_student/ros2_ws/install/turtle_interfaces/include/turtle_interfaces/turtle_interfaces/msg/detail/waypoint_list__type_support.h\n'}
[6.007530] (turtle_interfaces) StdoutLine: {'line': b'-- Symlinking: /home/sgjzz1/git/physicalai-lv1-gyujinsim/physicalai-lv1-assignments-main/lv1_module2_student/ros2_ws/install/turtle_interfaces/include/turtle_interfaces/turtle_interfaces/msg/rosidl_generator_c__visibility_control.h\n'}
[6.012486] (-) TimerEvent: {}
[6.015926] (turtle_interfaces) StdoutLine: {'line': b'-- Symlinking: /home/sgjzz1/git/physicalai-lv1-gyujinsim/physicalai-lv1-assignments-main/lv1_module2_student/ros2_ws/install/turtle_interfaces/include/turtle_interfaces/turtle_interfaces/msg/waypoint.h\n'}
[6.025524] (turtle_interfaces) StdoutLine: {'line': b'-- Symlinking: /home/sgjzz1/git/physicalai-lv1-gyujinsim/physicalai-lv1-assignments-main/lv1_module2_student/ros2_ws/install/turtle_interfaces/include/turtle_interfaces/turtle_interfaces/msg/waypoint_list.h\n'}
[6.034602] (turtle_interfaces) StdoutLine: {'line': b'-- Symlinking: /home/sgjzz1/git/physicalai-lv1-gyujinsim/physicalai-lv1-assignments-main/lv1_module2_student/ros2_ws/install/turtle_interfaces/include/turtle_interfaces/turtle_interfaces/srv/detail/set_gain__functions.h\n'}
[6.043446] (turtle_interfaces) StdoutLine: {'line': b'-- Symlinking: /home/sgjzz1/git/physicalai-lv1-gyujinsim/physicalai-lv1-assignments-main/lv1_module2_student/ros2_ws/install/turtle_interfaces/include/turtle_interfaces/turtle_interfaces/srv/detail/set_gain__struct.h\n'}
[6.052250] (turtle_interfaces) StdoutLine: {'line': b'-- Symlinking: /home/sgjzz1/git/physicalai-lv1-gyujinsim/physicalai-lv1-assignments-main/lv1_module2_student/ros2_ws/install/turtle_interfaces/include/turtle_interfaces/turtle_interfaces/srv/detail/set_gain__type_support.h\n'}
[6.060765] (turtle_interfaces) StdoutLine: {'line': b'-- Symlinking: /home/sgjzz1/git/physicalai-lv1-gyujinsim/physicalai-lv1-assignments-main/lv1_module2_student/ros2_ws/install/turtle_interfaces/include/turtle_interfaces/turtle_interfaces/srv/set_gain.h\n'}
[6.069347] (turtle_interfaces) StdoutLine: {'line': b'-- Symlinking: /home/sgjzz1/git/physicalai-lv1-gyujinsim/physicalai-lv1-assignments-main/lv1_module2_student/ros2_ws/install/turtle_interfaces/share/turtle_interfaces/environment/library_path.sh\n'}
[6.077372] (turtle_interfaces) StdoutLine: {'line': b'-- Symlinking: /home/sgjzz1/git/physicalai-lv1-gyujinsim/physicalai-lv1-assignments-main/lv1_module2_student/ros2_ws/install/turtle_interfaces/share/turtle_interfaces/environment/library_path.dsv\n'}
[6.086355] (turtle_interfaces) StdoutLine: {'line': b'-- Symlinking: /home/sgjzz1/git/physicalai-lv1-gyujinsim/physicalai-lv1-assignments-main/lv1_module2_student/ros2_ws/install/turtle_interfaces/include/turtle_interfaces/turtle_interfaces/action/detail/draw_polygon__rosidl_typesupport_fastrtps_c.h\n'}
[6.094224] (turtle_interfaces) StdoutLine: {'line': b'-- Symlinking: /home/sgjzz1/git/physicalai-lv1-gyujinsim/physicalai-lv1-assignments-main/lv1_module2_student/ros2_ws/install/turtle_interfaces/include/turtle_interfaces/turtle_interfaces/msg/detail/waypoint__rosidl_typesupport_fastrtps_c.h\n'}
[6.102365] (turtle_interfaces) StdoutLine: {'line': b'-- Symlinking: /home/sgjzz1/git/physicalai-lv1-gyujinsim/physicalai-lv1-assignments-main/lv1_module2_student/ros2_ws/install/turtle_interfaces/include/turtle_interfaces/turtle_interfaces/msg/detail/waypoint_list__rosidl_typesupport_fastrtps_c.h\n'}
[6.110377] (turtle_interfaces) StdoutLine: {'line': b'-- Symlinking: /home/sgjzz1/git/physicalai-lv1-gyujinsim/physicalai-lv1-assignments-main/lv1_module2_student/ros2_ws/install/turtle_interfaces/include/turtle_interfaces/turtle_interfaces/msg/rosidl_typesupport_fastrtps_c__visibility_control.h\n'}
[6.112569] (-) TimerEvent: {}
[6.118825] (turtle_interfaces) StdoutLine: {'line': b'-- Symlinking: /home/sgjzz1/git/physicalai-lv1-gyujinsim/physicalai-lv1-assignments-main/lv1_module2_student/ros2_ws/install/turtle_interfaces/include/turtle_interfaces/turtle_interfaces/srv/detail/set_gain__rosidl_typesupport_fastrtps_c.h\n'}
[6.127998] (turtle_interfaces) StdoutLine: {'line': b'-- Symlinking: /home/sgjzz1/git/physicalai-lv1-gyujinsim/physicalai-lv1-assignments-main/lv1_module2_student/ros2_ws/install/turtle_interfaces/include/turtle_interfaces/turtle_interfaces/action/detail/draw_polygon__rosidl_typesupport_introspection_c.h\n'}
[6.136537] (turtle_interfaces) StdoutLine: {'line': b'-- Symlinking: /home/sgjzz1/git/physicalai-lv1-gyujinsim/physicalai-lv1-assignments-main/lv1_module2_student/ros2_ws/install/turtle_interfaces/include/turtle_interfaces/turtle_interfaces/msg/detail/waypoint__rosidl_typesupport_introspection_c.h\n'}
[6.145336] (turtle_interfaces) StdoutLine: {'line': b'-- Symlinking: /home/sgjzz1/git/physicalai-lv1-gyujinsim/physicalai-lv1-assignments-main/lv1_module2_student/ros2_ws/install/turtle_interfaces/include/turtle_interfaces/turtle_interfaces/msg/detail/waypoint_list__rosidl_typesupport_introspection_c.h\n'}
[6.153571] (turtle_interfaces) StdoutLine: {'line': b'-- Symlinking: /home/sgjzz1/git/physicalai-lv1-gyujinsim/physicalai-lv1-assignments-main/lv1_module2_student/ros2_ws/install/turtle_interfaces/include/turtle_interfaces/turtle_interfaces/msg/rosidl_typesupport_introspection_c__visibility_control.h\n'}
[6.161779] (turtle_interfaces) StdoutLine: {'line': b'-- Symlinking: /home/sgjzz1/git/physicalai-lv1-gyujinsim/physicalai-lv1-assignments-main/lv1_module2_student/ros2_ws/install/turtle_interfaces/include/turtle_interfaces/turtle_interfaces/srv/detail/set_gain__rosidl_typesupport_introspection_c.h\n'}
[6.170808] (turtle_interfaces) StdoutLine: {'line': b'-- Symlinking: /home/sgjzz1/git/physicalai-lv1-gyujinsim/physicalai-lv1-assignments-main/lv1_module2_student/ros2_ws/install/turtle_interfaces/include/turtle_interfaces/turtle_interfaces/action/detail/draw_polygon__builder.hpp\n'}
[6.178882] (turtle_interfaces) StdoutLine: {'line': b'-- Symlinking: /home/sgjzz1/git/physicalai-lv1-gyujinsim/physicalai-lv1-assignments-main/lv1_module2_student/ros2_ws/install/turtle_interfaces/include/turtle_interfaces/turtle_interfaces/action/detail/draw_polygon__struct.hpp\n'}
[6.187314] (turtle_interfaces) StdoutLine: {'line': b'-- Symlinking: /home/sgjzz1/git/physicalai-lv1-gyujinsim/physicalai-lv1-assignments-main/lv1_module2_student/ros2_ws/install/turtle_interfaces/include/turtle_interfaces/turtle_interfaces/action/detail/draw_polygon__traits.hpp\n'}
[6.195849] (turtle_interfaces) StdoutLine: {'line': b'-- Symlinking: /home/sgjzz1/git/physicalai-lv1-gyujinsim/physicalai-lv1-assignments-main/lv1_module2_student/ros2_ws/install/turtle_interfaces/include/turtle_interfaces/turtle_interfaces/action/detail/draw_polygon__type_support.hpp\n'}
[6.204446] (turtle_interfaces) StdoutLine: {'line': b'-- Symlinking: /home/sgjzz1/git/physicalai-lv1-gyujinsim/physicalai-lv1-assignments-main/lv1_module2_student/ros2_ws/install/turtle_interfaces/include/turtle_interfaces/turtle_interfaces/action/draw_polygon.hpp\n'}
[6.212682] (-) TimerEvent: {}
[6.213050] (turtle_interfaces) StdoutLine: {'line': b'-- Symlinking: /home/sgjzz1/git/physicalai-lv1-gyujinsim/physicalai-lv1-assignments-main/lv1_module2_student/ros2_ws/install/turtle_interfaces/include/turtle_interfaces/turtle_interfaces/msg/detail/waypoint__builder.hpp\n'}
[6.222129] (turtle_interfaces) StdoutLine: {'line': b'-- Symlinking: /home/sgjzz1/git/physicalai-lv1-gyujinsim/physicalai-lv1-assignments-main/lv1_module2_student/ros2_ws/install/turtle_interfaces/include/turtle_interfaces/turtle_interfaces/msg/detail/waypoint__struct.hpp\n'}
[6.232565] (turtle_interfaces) StdoutLine: {'line': b'-- Symlinking: /home/sgjzz1/git/physicalai-lv1-gyujinsim/physicalai-lv1-assignments-main/lv1_module2_student/ros2_ws/install/turtle_interfaces/include/turtle_interfaces/turtle_interfaces/msg/detail/waypoint__traits.hpp\n'}
[6.241718] (turtle_interfaces) StdoutLine: {'line': b'-- Symlinking: /home/sgjzz1/git/physicalai-lv1-gyujinsim/physicalai-lv1-assignments-main/lv1_module2_student/ros2_ws/install/turtle_interfaces/include/turtle_interfaces/turtle_interfaces/msg/detail/waypoint__type_support.hpp\n'}
[6.251055] (turtle_interfaces) StdoutLine: {'line': b'-- Symlinking: /home/sgjzz1/git/physicalai-lv1-gyujinsim/physicalai-lv1-assignments-main/lv1_module2_student/ros2_ws/install/turtle_interfaces/include/turtle_interfaces/turtle_interfaces/msg/detail/waypoint_list__builder.hpp\n'}
[6.260011] (turtle_interfaces) StdoutLine: {'line': b'-- Symlinking: /home/sgjzz1/git/physicalai-lv1-gyujinsim/physicalai-lv1-assignments-main/lv1_module2_student/ros2_ws/install/turtle_interfaces/include/turtle_interfaces/turtle_interfaces/msg/detail/waypoint_list__struct.hpp\n'}
[6.268659] (turtle_interfaces) StdoutLine: {'line': b'-- Symlinking: /home/sgjzz1/git/physicalai-lv1-gyujinsim/physicalai-lv1-assignments-main/lv1_module2_student/ros2_ws/install/turtle_interfaces/include/turtle_interfaces/turtle_interfaces/msg/detail/waypoint_list__traits.hpp\n'}
[6.279086] (turtle_interfaces) StdoutLine: {'line': b'-- Symlinking: /home/sgjzz1/git/physicalai-lv1-gyujinsim/physicalai-lv1-assignments-main/lv1_module2_student/ros2_ws/install/turtle_interfaces/include/turtle_interfaces/turtle_interfaces/msg/detail/waypoint_list__type_support.hpp\n'}
[6.289437] (turtle_interfaces) StdoutLine: {'line': b'-- Symlinking: /home/sgjzz1/git/physicalai-lv1-gyujinsim/physicalai-lv1-assignments-main/lv1_module2_student/ros2_ws/install/turtle_interfaces/include/turtle_interfaces/turtle_interfaces/msg/rosidl_generator_cpp__visibility_control.hpp\n'}
[6.300080] (turtle_interfaces) StdoutLine: {'line': b'-- Symlinking: /home/sgjzz1/git/physicalai-lv1-gyujinsim/physicalai-lv1-assignments-main/lv1_module2_student/ros2_ws/install/turtle_interfaces/include/turtle_interfaces/turtle_interfaces/msg/waypoint.hpp\n'}
[6.310526] (turtle_interfaces) StdoutLine: {'line': b'-- Symlinking: /home/sgjzz1/git/physicalai-lv1-gyujinsim/physicalai-lv1-assignments-main/lv1_module2_student/ros2_ws/install/turtle_interfaces/include/turtle_interfaces/turtle_interfaces/msg/waypoint_list.hpp\n'}
[6.312765] (-) TimerEvent: {}
[6.320940] (turtle_interfaces) StdoutLine: {'line': b'-- Symlinking: /home/sgjzz1/git/physicalai-lv1-gyujinsim/physicalai-lv1-assignments-main/lv1_module2_student/ros2_ws/install/turtle_interfaces/include/turtle_interfaces/turtle_interfaces/srv/detail/set_gain__builder.hpp\n'}
[6.331774] (turtle_interfaces) StdoutLine: {'line': b'-- Symlinking: /home/sgjzz1/git/physicalai-lv1-gyujinsim/physicalai-lv1-assignments-main/lv1_module2_student/ros2_ws/install/turtle_interfaces/include/turtle_interfaces/turtle_interfaces/srv/detail/set_gain__struct.hpp\n'}
[6.342663] (turtle_interfaces) StdoutLine: {'line': b'-- Symlinking: /home/sgjzz1/git/physicalai-lv1-gyujinsim/physicalai-lv1-assignments-main/lv1_module2_student/ros2_ws/install/turtle_interfaces/include/turtle_interfaces/turtle_interfaces/srv/detail/set_gain__traits.hpp\n'}
[6.353611] (turtle_interfaces) StdoutLine: {'line': b'-- Symlinking: /home/sgjzz1/git/physicalai-lv1-gyujinsim/physicalai-lv1-assignments-main/lv1_module2_student/ros2_ws/install/turtle_interfaces/include/turtle_interfaces/turtle_interfaces/srv/detail/set_gain__type_support.hpp\n'}
[6.363708] (turtle_interfaces) StdoutLine: {'line': b'-- Symlinking: /home/sgjzz1/git/physicalai-lv1-gyujinsim/physicalai-lv1-assignments-main/lv1_module2_student/ros2_ws/install/turtle_interfaces/include/turtle_interfaces/turtle_interfaces/srv/set_gain.hpp\n'}
[6.373033] (turtle_interfaces) StdoutLine: {'line': b'-- Symlinking: /home/sgjzz1/git/physicalai-lv1-gyujinsim/physicalai-lv1-assignments-main/lv1_module2_student/ros2_ws/install/turtle_interfaces/include/turtle_interfaces/turtle_interfaces/action/detail/draw_polygon__rosidl_typesupport_fastrtps_cpp.hpp\n'}
[6.381478] (turtle_interfaces) StdoutLine: {'line': b'-- Symlinking: /home/sgjzz1/git/physicalai-lv1-gyujinsim/physicalai-lv1-assignments-main/lv1_module2_student/ros2_ws/install/turtle_interfaces/include/turtle_interfaces/turtle_interfaces/msg/detail/waypoint__rosidl_typesupport_fastrtps_cpp.hpp\n'}
[6.389860] (turtle_interfaces) StdoutLine: {'line': b'-- Symlinking: /home/sgjzz1/git/physicalai-lv1-gyujinsim/physicalai-lv1-assignments-main/lv1_module2_student/ros2_ws/install/turtle_interfaces/include/turtle_interfaces/turtle_interfaces/msg/detail/waypoint_list__rosidl_typesupport_fastrtps_cpp.hpp\n'}
[6.398042] (turtle_interfaces) StdoutLine: {'line': b'-- Symlinking: /home/sgjzz1/git/physicalai-lv1-gyujinsim/physicalai-lv1-assignments-main/lv1_module2_student/ros2_ws/install/turtle_interfaces/include/turtle_interfaces/turtle_interfaces/msg/rosidl_typesupport_fastrtps_cpp__visibility_control.h\n'}
[6.406036] (turtle_interfaces) StdoutLine: {'line': b'-- Symlinking: /home/sgjzz1/git/physicalai-lv1-gyujinsim/physicalai-lv1-assignments-main/lv1_module2_student/ros2_ws/install/turtle_interfaces/include/turtle_interfaces/turtle_interfaces/srv/detail/set_gain__rosidl_typesupport_fastrtps_cpp.hpp\n'}
[6.412815] (-) TimerEvent: {}
[6.414680] (turtle_interfaces) StdoutLine: {'line': b'-- Symlinking: /home/sgjzz1/git/physicalai-lv1-gyujinsim/physicalai-lv1-assignments-main/lv1_module2_student/ros2_ws/install/turtle_interfaces/include/turtle_interfaces/turtle_interfaces/action/detail/draw_polygon__rosidl_typesupport_introspection_cpp.hpp\n'}
[6.423391] (turtle_interfaces) StdoutLine: {'line': b'-- Symlinking: /home/sgjzz1/git/physicalai-lv1-gyujinsim/physicalai-lv1-assignments-main/lv1_module2_student/ros2_ws/install/turtle_interfaces/include/turtle_interfaces/turtle_interfaces/msg/detail/waypoint__rosidl_typesupport_introspection_cpp.hpp\n'}
[6.431917] (turtle_interfaces) StdoutLine: {'line': b'-- Symlinking: /home/sgjzz1/git/physicalai-lv1-gyujinsim/physicalai-lv1-assignments-main/lv1_module2_student/ros2_ws/install/turtle_interfaces/include/turtle_interfaces/turtle_interfaces/msg/detail/waypoint_list__rosidl_typesupport_introspection_cpp.hpp\n'}
[6.440297] (turtle_interfaces) StdoutLine: {'line': b'-- Symlinking: /home/sgjzz1/git/physicalai-lv1-gyujinsim/physicalai-lv1-assignments-main/lv1_module2_student/ros2_ws/install/turtle_interfaces/include/turtle_interfaces/turtle_interfaces/srv/detail/set_gain__rosidl_typesupport_introspection_cpp.hpp\n'}
[6.448741] (turtle_interfaces) StdoutLine: {'line': b'-- Symlinking: /home/sgjzz1/git/physicalai-lv1-gyujinsim/physicalai-lv1-assignments-main/lv1_module2_student/ros2_ws/install/turtle_interfaces/share/turtle_interfaces/environment/pythonpath.sh\n'}
[6.456910] (turtle_interfaces) StdoutLine: {'line': b'-- Symlinking: /home/sgjzz1/git/physicalai-lv1-gyujinsim/physicalai-lv1-assignments-main/lv1_module2_student/ros2_ws/install/turtle_interfaces/share/turtle_interfaces/environment/pythonpath.dsv\n'}
[6.465227] (turtle_interfaces) StdoutLine: {'line': b'-- Symlinking: /home/sgjzz1/git/physicalai-lv1-gyujinsim/physicalai-lv1-assignments-main/lv1_module2_student/ros2_ws/install/turtle_interfaces/local/lib/python3.10/dist-packages/turtle_interfaces-0.1.0-py3.10.egg-info/PKG-INFO\n'}
[6.473304] (turtle_interfaces) StdoutLine: {'line': b'-- Symlinking: /home/sgjzz1/git/physicalai-lv1-gyujinsim/physicalai-lv1-assignments-main/lv1_module2_student/ros2_ws/install/turtle_interfaces/local/lib/python3.10/dist-packages/turtle_interfaces-0.1.0-py3.10.egg-info/SOURCES.txt\n'}
[6.481273] (turtle_interfaces) StdoutLine: {'line': b'-- Symlinking: /home/sgjzz1/git/physicalai-lv1-gyujinsim/physicalai-lv1-assignments-main/lv1_module2_student/ros2_ws/install/turtle_interfaces/local/lib/python3.10/dist-packages/turtle_interfaces-0.1.0-py3.10.egg-info/dependency_links.txt\n'}
[6.488921] (turtle_interfaces) StdoutLine: {'line': b'-- Symlinking: /home/sgjzz1/git/physicalai-lv1-gyujinsim/physicalai-lv1-assignments-main/lv1_module2_student/ros2_ws/install/turtle_interfaces/local/lib/python3.10/dist-packages/turtle_interfaces-0.1.0-py3.10.egg-info/top_level.txt\n'}
[6.497576] (turtle_interfaces) StdoutLine: {'line': b'-- Symlinking: /home/sgjzz1/git/physicalai-lv1-gyujinsim/physicalai-lv1-assignments-main/lv1_module2_student/ros2_ws/install/turtle_interfaces/local/lib/python3.10/dist-packages/turtle_interfaces/__init__.py\n'}
[6.505470] (turtle_interfaces) StdoutLine: {'line': b'-- Symlinking: /home/sgjzz1/git/physicalai-lv1-gyujinsim/physicalai-lv1-assignments-main/lv1_module2_student/ros2_ws/install/turtle_interfaces/local/lib/python3.10/dist-packages/turtle_interfaces/_turtle_interfaces_s.ep.rosidl_typesupport_c.c\n'}
[6.512902] (-) TimerEvent: {}
[6.513327] (turtle_interfaces) StdoutLine: {'line': b'-- Symlinking: /home/sgjzz1/git/physicalai-lv1-gyujinsim/physicalai-lv1-assignments-main/lv1_module2_student/ros2_ws/install/turtle_interfaces/local/lib/python3.10/dist-packages/turtle_interfaces/_turtle_interfaces_s.ep.rosidl_typesupport_fastrtps_c.c\n'}
[6.521570] (turtle_interfaces) StdoutLine: {'line': b'-- Symlinking: /home/sgjzz1/git/physicalai-lv1-gyujinsim/physicalai-lv1-assignments-main/lv1_module2_student/ros2_ws/install/turtle_interfaces/local/lib/python3.10/dist-packages/turtle_interfaces/_turtle_interfaces_s.ep.rosidl_typesupport_introspection_c.c\n'}
[6.530249] (turtle_interfaces) StdoutLine: {'line': b'-- Symlinking: /home/sgjzz1/git/physicalai-lv1-gyujinsim/physicalai-lv1-assignments-main/lv1_module2_student/ros2_ws/install/turtle_interfaces/local/lib/python3.10/dist-packages/turtle_interfaces/action/__init__.py\n'}
[6.538698] (turtle_interfaces) StdoutLine: {'line': b'-- Symlinking: /home/sgjzz1/git/physicalai-lv1-gyujinsim/physicalai-lv1-assignments-main/lv1_module2_student/ros2_ws/install/turtle_interfaces/local/lib/python3.10/dist-packages/turtle_interfaces/action/_draw_polygon.py\n'}
[6.547665] (turtle_interfaces) StdoutLine: {'line': b'-- Symlinking: /home/sgjzz1/git/physicalai-lv1-gyujinsim/physicalai-lv1-assignments-main/lv1_module2_student/ros2_ws/install/turtle_interfaces/local/lib/python3.10/dist-packages/turtle_interfaces/action/_draw_polygon_s.c\n'}
[6.556109] (turtle_interfaces) StdoutLine: {'line': b'-- Symlinking: /home/sgjzz1/git/physicalai-lv1-gyujinsim/physicalai-lv1-assignments-main/lv1_module2_student/ros2_ws/install/turtle_interfaces/local/lib/python3.10/dist-packages/turtle_interfaces/libturtle_interfaces__rosidl_generator_py.so\n'}
[6.564350] (turtle_interfaces) StdoutLine: {'line': b'-- Symlinking: /home/sgjzz1/git/physicalai-lv1-gyujinsim/physicalai-lv1-assignments-main/lv1_module2_student/ros2_ws/install/turtle_interfaces/local/lib/python3.10/dist-packages/turtle_interfaces/msg/__init__.py\n'}
[6.572716] (turtle_interfaces) StdoutLine: {'line': b'-- Symlinking: /home/sgjzz1/git/physicalai-lv1-gyujinsim/physicalai-lv1-assignments-main/lv1_module2_student/ros2_ws/install/turtle_interfaces/local/lib/python3.10/dist-packages/turtle_interfaces/msg/_waypoint.py\n'}
[6.580639] (turtle_interfaces) StdoutLine: {'line': b'-- Symlinking: /home/sgjzz1/git/physicalai-lv1-gyujinsim/physicalai-lv1-assignments-main/lv1_module2_student/ros2_ws/install/turtle_interfaces/local/lib/python3.10/dist-packages/turtle_interfaces/msg/_waypoint_list.py\n'}
[6.588688] (turtle_interfaces) StdoutLine: {'line': b'-- Symlinking: /home/sgjzz1/git/physicalai-lv1-gyujinsim/physicalai-lv1-assignments-main/lv1_module2_student/ros2_ws/install/turtle_interfaces/local/lib/python3.10/dist-packages/turtle_interfaces/msg/_waypoint_list_s.c\n'}
[6.596808] (turtle_interfaces) StdoutLine: {'line': b'-- Symlinking: /home/sgjzz1/git/physicalai-lv1-gyujinsim/physicalai-lv1-assignments-main/lv1_module2_student/ros2_ws/install/turtle_interfaces/local/lib/python3.10/dist-packages/turtle_interfaces/msg/_waypoint_s.c\n'}
[6.605277] (turtle_interfaces) StdoutLine: {'line': b'-- Symlinking: /home/sgjzz1/git/physicalai-lv1-gyujinsim/physicalai-lv1-assignments-main/lv1_module2_student/ros2_ws/install/turtle_interfaces/local/lib/python3.10/dist-packages/turtle_interfaces/srv/__init__.py\n'}
[6.613033] (-) TimerEvent: {}
[6.613822] (turtle_interfaces) StdoutLine: {'line': b'-- Symlinking: /home/sgjzz1/git/physicalai-lv1-gyujinsim/physicalai-lv1-assignments-main/lv1_module2_student/ros2_ws/install/turtle_interfaces/local/lib/python3.10/dist-packages/turtle_interfaces/srv/_set_gain.py\n'}
[6.622380] (turtle_interfaces) StdoutLine: {'line': b'-- Symlinking: /home/sgjzz1/git/physicalai-lv1-gyujinsim/physicalai-lv1-assignments-main/lv1_module2_student/ros2_ws/install/turtle_interfaces/local/lib/python3.10/dist-packages/turtle_interfaces/srv/_set_gain_s.c\n'}
[6.631069] (turtle_interfaces) StdoutLine: {'line': b'-- Symlinking: /home/sgjzz1/git/physicalai-lv1-gyujinsim/physicalai-lv1-assignments-main/lv1_module2_student/ros2_ws/install/turtle_interfaces/local/lib/python3.10/dist-packages/turtle_interfaces/turtle_interfaces_s__rosidl_typesupport_c.cpython-310-x86_64-linux-gnu.so\n'}
[6.642449] (turtle_interfaces) StdoutLine: {'line': b'-- Symlinking: /home/sgjzz1/git/physicalai-lv1-gyujinsim/physicalai-lv1-assignments-main/lv1_module2_student/ros2_ws/install/turtle_interfaces/local/lib/python3.10/dist-packages/turtle_interfaces/turtle_interfaces_s__rosidl_typesupport_fastrtps_c.cpython-310-x86_64-linux-gnu.so\n'}
[6.653793] (turtle_interfaces) StdoutLine: {'line': b'-- Symlinking: /home/sgjzz1/git/physicalai-lv1-gyujinsim/physicalai-lv1-assignments-main/lv1_module2_student/ros2_ws/install/turtle_interfaces/local/lib/python3.10/dist-packages/turtle_interfaces/turtle_interfaces_s__rosidl_typesupport_introspection_c.cpython-310-x86_64-linux-gnu.so\n'}
[6.665009] (turtle_interfaces) StdoutLine: {'line': b'-- Up-to-date symlink: /home/sgjzz1/git/physicalai-lv1-gyujinsim/physicalai-lv1-assignments-main/lv1_module2_student/ros2_ws/install/turtle_interfaces/local/lib/python3.10/dist-packages/turtle_interfaces/turtle_interfaces_s__rosidl_typesupport_fastrtps_c.cpython-310-x86_64-linux-gnu.so\n'}
[6.665298] (turtle_interfaces) StdoutLine: {'line': b'-- Up-to-date symlink: /home/sgjzz1/git/physicalai-lv1-gyujinsim/physicalai-lv1-assignments-main/lv1_module2_student/ros2_ws/install/turtle_interfaces/local/lib/python3.10/dist-packages/turtle_interfaces/turtle_interfaces_s__rosidl_typesupport_introspection_c.cpython-310-x86_64-linux-gnu.so\n'}
[6.665616] (turtle_interfaces) StdoutLine: {'line': b'-- Up-to-date symlink: /home/sgjzz1/git/physicalai-lv1-gyujinsim/physicalai-lv1-assignments-main/lv1_module2_student/ros2_ws/install/turtle_interfaces/local/lib/python3.10/dist-packages/turtle_interfaces/turtle_interfaces_s__rosidl_typesupport_c.cpython-310-x86_64-linux-gnu.so\n'}
[6.665848] (turtle_interfaces) StdoutLine: {'line': b'-- Symlinking: /home/sgjzz1/git/physicalai-lv1-gyujinsim/physicalai-lv1-assignments-main/lv1_module2_student/ros2_ws/install/turtle_interfaces/share/ament_index/resource_index/rust_packages/turtle_interfaces\n'}
[6.677767] (turtle_interfaces) StdoutLine: {'line': b'-- Symlinking: /home/sgjzz1/git/physicalai-lv1-gyujinsim/physicalai-lv1-assignments-main/lv1_module2_student/ros2_ws/install/turtle_interfaces/share/turtle_interfaces/rust/Cargo.toml\n'}
[6.689056] (turtle_interfaces) StdoutLine: {'line': b'-- Symlinking: /home/sgjzz1/git/physicalai-lv1-gyujinsim/physicalai-lv1-assignments-main/lv1_module2_student/ros2_ws/install/turtle_interfaces/share/turtle_interfaces/rust/build.rs\n'}
[6.700237] (turtle_interfaces) StdoutLine: {'line': b'-- Symlinking: /home/sgjzz1/git/physicalai-lv1-gyujinsim/physicalai-lv1-assignments-main/lv1_module2_student/ros2_ws/install/turtle_interfaces/share/turtle_interfaces/rust/src/action.rs\n'}
[6.711261] (turtle_interfaces) StdoutLine: {'line': b'-- Symlinking: /home/sgjzz1/git/physicalai-lv1-gyujinsim/physicalai-lv1-assignments-main/lv1_module2_student/ros2_ws/install/turtle_interfaces/share/turtle_interfaces/rust/src/action/rmw.rs\n'}
[6.713122] (-) TimerEvent: {}
[6.722888] (turtle_interfaces) StdoutLine: {'line': b'-- Symlinking: /home/sgjzz1/git/physicalai-lv1-gyujinsim/physicalai-lv1-assignments-main/lv1_module2_student/ros2_ws/install/turtle_interfaces/share/turtle_interfaces/rust/src/lib.rs\n'}
[6.734677] (turtle_interfaces) StdoutLine: {'line': b'-- Symlinking: /home/sgjzz1/git/physicalai-lv1-gyujinsim/physicalai-lv1-assignments-main/lv1_module2_student/ros2_ws/install/turtle_interfaces/share/turtle_interfaces/rust/src/msg.rs\n'}
[6.746535] (turtle_interfaces) StdoutLine: {'line': b'-- Symlinking: /home/sgjzz1/git/physicalai-lv1-gyujinsim/physicalai-lv1-assignments-main/lv1_module2_student/ros2_ws/install/turtle_interfaces/share/turtle_interfaces/rust/src/msg/rmw.rs\n'}
[6.757624] (turtle_interfaces) StdoutLine: {'line': b'-- Symlinking: /home/sgjzz1/git/physicalai-lv1-gyujinsim/physicalai-lv1-assignments-main/lv1_module2_student/ros2_ws/install/turtle_interfaces/share/turtle_interfaces/rust/src/srv.rs\n'}
[6.768041] (turtle_interfaces) StdoutLine: {'line': b'-- Symlinking: /home/sgjzz1/git/physicalai-lv1-gyujinsim/physicalai-lv1-assignments-main/lv1_module2_student/ros2_ws/install/turtle_interfaces/share/turtle_interfaces/rust/src/srv/rmw.rs\n'}
[6.777994] (turtle_interfaces) StdoutLine: {'line': b'-- Symlinking: /home/sgjzz1/git/physicalai-lv1-gyujinsim/physicalai-lv1-assignments-main/lv1_module2_student/ros2_ws/install/turtle_interfaces/share/turtle_interfaces/msg/Waypoint.idl\n'}
[6.787019] (turtle_interfaces) StdoutLine: {'line': b'-- Symlinking: /home/sgjzz1/git/physicalai-lv1-gyujinsim/physicalai-lv1-assignments-main/lv1_module2_student/ros2_ws/install/turtle_interfaces/share/turtle_interfaces/msg/WaypointList.idl\n'}
[6.796667] (turtle_interfaces) StdoutLine: {'line': b'-- Symlinking: /home/sgjzz1/git/physicalai-lv1-gyujinsim/physicalai-lv1-assignments-main/lv1_module2_student/ros2_ws/install/turtle_interfaces/share/turtle_interfaces/srv/SetGain.idl\n'}
[6.805809] (turtle_interfaces) StdoutLine: {'line': b'-- Symlinking: /home/sgjzz1/git/physicalai-lv1-gyujinsim/physicalai-lv1-assignments-main/lv1_module2_student/ros2_ws/install/turtle_interfaces/share/turtle_interfaces/action/DrawPolygon.idl\n'}
[6.813232] (-) TimerEvent: {}
[6.814359] (turtle_interfaces) StdoutLine: {'line': b'-- Symlinking: /home/sgjzz1/git/physicalai-lv1-gyujinsim/physicalai-lv1-assignments-main/lv1_module2_student/ros2_ws/install/turtle_interfaces/share/turtle_interfaces/msg/Waypoint.msg\n'}
[6.823072] (turtle_interfaces) StdoutLine: {'line': b'-- Symlinking: /home/sgjzz1/git/physicalai-lv1-gyujinsim/physicalai-lv1-assignments-main/lv1_module2_student/ros2_ws/install/turtle_interfaces/share/turtle_interfaces/msg/WaypointList.msg\n'}
[6.831779] (turtle_interfaces) StdoutLine: {'line': b'-- Symlinking: /home/sgjzz1/git/physicalai-lv1-gyujinsim/physicalai-lv1-assignments-main/lv1_module2_student/ros2_ws/install/turtle_interfaces/share/turtle_interfaces/srv/SetGain.srv\n'}
[6.840652] (turtle_interfaces) StdoutLine: {'line': b'-- Symlinking: /home/sgjzz1/git/physicalai-lv1-gyujinsim/physicalai-lv1-assignments-main/lv1_module2_student/ros2_ws/install/turtle_interfaces/share/turtle_interfaces/srv/SetGain_Request.msg\n'}
[6.849413] (turtle_interfaces) StdoutLine: {'line': b'-- Symlinking: /home/sgjzz1/git/physicalai-lv1-gyujinsim/physicalai-lv1-assignments-main/lv1_module2_student/ros2_ws/install/turtle_interfaces/share/turtle_interfaces/srv/SetGain_Response.msg\n'}
[6.858129] (turtle_interfaces) StdoutLine: {'line': b'-- Symlinking: /home/sgjzz1/git/physicalai-lv1-gyujinsim/physicalai-lv1-assignments-main/lv1_module2_student/ros2_ws/install/turtle_interfaces/share/turtle_interfaces/action/DrawPolygon.action\n'}
[6.867634] (turtle_interfaces) StdoutLine: {'line': b'-- Symlinking: /home/sgjzz1/git/physicalai-lv1-gyujinsim/physicalai-lv1-assignments-main/lv1_module2_student/ros2_ws/install/turtle_interfaces/share/ament_index/resource_index/package_run_dependencies/turtle_interfaces\n'}
[6.876959] (turtle_interfaces) StdoutLine: {'line': b'-- Symlinking: /home/sgjzz1/git/physicalai-lv1-gyujinsim/physicalai-lv1-assignments-main/lv1_module2_student/ros2_ws/install/turtle_interfaces/share/ament_index/resource_index/parent_prefix_path/turtle_interfaces\n'}
[6.890422] (turtle_interfaces) StdoutLine: {'line': b'-- Symlinking: /home/sgjzz1/git/physicalai-lv1-gyujinsim/physicalai-lv1-assignments-main/lv1_module2_student/ros2_ws/install/turtle_interfaces/share/turtle_interfaces/environment/ament_prefix_path.sh\n'}
[6.899566] (turtle_interfaces) StdoutLine: {'line': b'-- Symlinking: /home/sgjzz1/git/physicalai-lv1-gyujinsim/physicalai-lv1-assignments-main/lv1_module2_student/ros2_ws/install/turtle_interfaces/share/turtle_interfaces/environment/ament_prefix_path.dsv\n'}
[6.910077] (turtle_interfaces) StdoutLine: {'line': b'-- Symlinking: /home/sgjzz1/git/physicalai-lv1-gyujinsim/physicalai-lv1-assignments-main/lv1_module2_student/ros2_ws/install/turtle_interfaces/share/turtle_interfaces/environment/path.sh\n'}
[6.913376] (-) TimerEvent: {}
[6.921423] (turtle_interfaces) StdoutLine: {'line': b'-- Symlinking: /home/sgjzz1/git/physicalai-lv1-gyujinsim/physicalai-lv1-assignments-main/lv1_module2_student/ros2_ws/install/turtle_interfaces/share/turtle_interfaces/environment/path.dsv\n'}
[6.931197] (turtle_interfaces) StdoutLine: {'line': b'-- Symlinking: /home/sgjzz1/git/physicalai-lv1-gyujinsim/physicalai-lv1-assignments-main/lv1_module2_student/ros2_ws/install/turtle_interfaces/share/turtle_interfaces/local_setup.bash\n'}
[6.943563] (turtle_interfaces) StdoutLine: {'line': b'-- Symlinking: /home/sgjzz1/git/physicalai-lv1-gyujinsim/physicalai-lv1-assignments-main/lv1_module2_student/ros2_ws/install/turtle_interfaces/share/turtle_interfaces/local_setup.sh\n'}
[6.952243] (turtle_interfaces) StdoutLine: {'line': b'-- Symlinking: /home/sgjzz1/git/physicalai-lv1-gyujinsim/physicalai-lv1-assignments-main/lv1_module2_student/ros2_ws/install/turtle_interfaces/share/turtle_interfaces/local_setup.zsh\n'}
[6.960985] (turtle_interfaces) StdoutLine: {'line': b'-- Symlinking: /home/sgjzz1/git/physicalai-lv1-gyujinsim/physicalai-lv1-assignments-main/lv1_module2_student/ros2_ws/install/turtle_interfaces/share/turtle_interfaces/local_setup.dsv\n'}
[6.969059] (turtle_interfaces) StdoutLine: {'line': b'-- Symlinking: /home/sgjzz1/git/physicalai-lv1-gyujinsim/physicalai-lv1-assignments-main/lv1_module2_student/ros2_ws/install/turtle_interfaces/share/turtle_interfaces/package.dsv\n'}
[6.977679] (turtle_interfaces) StdoutLine: {'line': b'-- Symlinking: /home/sgjzz1/git/physicalai-lv1-gyujinsim/physicalai-lv1-assignments-main/lv1_module2_student/ros2_ws/install/turtle_interfaces/share/ament_index/resource_index/packages/turtle_interfaces\n'}
[6.986341] (turtle_interfaces) StdoutLine: {'line': b'-- Symlinking: /home/sgjzz1/git/physicalai-lv1-gyujinsim/physicalai-lv1-assignments-main/lv1_module2_student/ros2_ws/install/turtle_interfaces/share/turtle_interfaces/cmake/rosidl_cmake-extras.cmake\n'}
[6.994930] (turtle_interfaces) StdoutLine: {'line': b'-- Symlinking: /home/sgjzz1/git/physicalai-lv1-gyujinsim/physicalai-lv1-assignments-main/lv1_module2_student/ros2_ws/install/turtle_interfaces/share/turtle_interfaces/cmake/ament_cmake_export_dependencies-extras.cmake\n'}
[7.003226] (turtle_interfaces) StdoutLine: {'line': b'-- Symlinking: /home/sgjzz1/git/physicalai-lv1-gyujinsim/physicalai-lv1-assignments-main/lv1_module2_student/ros2_ws/install/turtle_interfaces/share/turtle_interfaces/cmake/ament_cmake_export_include_directories-extras.cmake\n'}
[7.011993] (turtle_interfaces) StdoutLine: {'line': b'-- Symlinking: /home/sgjzz1/git/physicalai-lv1-gyujinsim/physicalai-lv1-assignments-main/lv1_module2_student/ros2_ws/install/turtle_interfaces/share/turtle_interfaces/cmake/ament_cmake_export_libraries-extras.cmake\n'}
[7.013469] (-) TimerEvent: {}
[7.020838] (turtle_interfaces) StdoutLine: {'line': b'-- Symlinking: /home/sgjzz1/git/physicalai-lv1-gyujinsim/physicalai-lv1-assignments-main/lv1_module2_student/ros2_ws/install/turtle_interfaces/share/turtle_interfaces/cmake/ament_cmake_export_targets-extras.cmake\n'}
[7.029726] (turtle_interfaces) StdoutLine: {'line': b'-- Symlinking: /home/sgjzz1/git/physicalai-lv1-gyujinsim/physicalai-lv1-assignments-main/lv1_module2_student/ros2_ws/install/turtle_interfaces/share/turtle_interfaces/cmake/rosidl_cmake_export_typesupport_targets-extras.cmake\n'}
[7.038231] (turtle_interfaces) StdoutLine: {'line': b'-- Symlinking: /home/sgjzz1/git/physicalai-lv1-gyujinsim/physicalai-lv1-assignments-main/lv1_module2_student/ros2_ws/install/turtle_interfaces/share/turtle_interfaces/cmake/rosidl_cmake_export_typesupport_libraries-extras.cmake\n'}
[7.046947] (turtle_interfaces) StdoutLine: {'line': b'-- Symlinking: /home/sgjzz1/git/physicalai-lv1-gyujinsim/physicalai-lv1-assignments-main/lv1_module2_student/ros2_ws/install/turtle_interfaces/share/turtle_interfaces/cmake/rosidl_cmake_aggregate_target-extras.cmake\n'}
[7.055294] (turtle_interfaces) StdoutLine: {'line': b'-- Symlinking: /home/sgjzz1/git/physicalai-lv1-gyujinsim/physicalai-lv1-assignments-main/lv1_module2_student/ros2_ws/install/turtle_interfaces/share/turtle_interfaces/cmake/turtle_interfacesConfig.cmake\n'}
[7.063692] (turtle_interfaces) StdoutLine: {'line': b'-- Symlinking: /home/sgjzz1/git/physicalai-lv1-gyujinsim/physicalai-lv1-assignments-main/lv1_module2_student/ros2_ws/install/turtle_interfaces/share/turtle_interfaces/cmake/turtle_interfacesConfig-version.cmake\n'}
[7.072022] (turtle_interfaces) StdoutLine: {'line': b'-- Symlinking: /home/sgjzz1/git/physicalai-lv1-gyujinsim/physicalai-lv1-assignments-main/lv1_module2_student/ros2_ws/install/turtle_interfaces/share/turtle_interfaces/package.xml\n'}
[7.080207] (turtle_interfaces) StdoutLine: {'line': b'-- Installing: /home/sgjzz1/git/physicalai-lv1-gyujinsim/physicalai-lv1-assignments-main/lv1_module2_student/ros2_ws/install/turtle_interfaces/lib/libturtle_interfaces__rosidl_generator_c.so\n'}
[7.080700] (turtle_interfaces) StdoutLine: {'line': b'-- Set runtime path of "/home/sgjzz1/git/physicalai-lv1-gyujinsim/physicalai-lv1-assignments-main/lv1_module2_student/ros2_ws/install/turtle_interfaces/lib/libturtle_interfaces__rosidl_generator_c.so" to ""\n'}
[7.080882] (turtle_interfaces) StdoutLine: {'line': b'-- Installing: /home/sgjzz1/git/physicalai-lv1-gyujinsim/physicalai-lv1-assignments-main/lv1_module2_student/ros2_ws/install/turtle_interfaces/lib/libturtle_interfaces__rosidl_typesupport_fastrtps_c.so\n'}
[7.081238] (turtle_interfaces) StdoutLine: {'line': b'-- Set runtime path of "/home/sgjzz1/git/physicalai-lv1-gyujinsim/physicalai-lv1-assignments-main/lv1_module2_student/ros2_ws/install/turtle_interfaces/lib/libturtle_interfaces__rosidl_typesupport_fastrtps_c.so" to ""\n'}
[7.081351] (turtle_interfaces) StdoutLine: {'line': b'-- Installing: /home/sgjzz1/git/physicalai-lv1-gyujinsim/physicalai-lv1-assignments-main/lv1_module2_student/ros2_ws/install/turtle_interfaces/lib/libturtle_interfaces__rosidl_typesupport_introspection_c.so\n'}
[7.081681] (turtle_interfaces) StdoutLine: {'line': b'-- Set runtime path of "/home/sgjzz1/git/physicalai-lv1-gyujinsim/physicalai-lv1-assignments-main/lv1_module2_student/ros2_ws/install/turtle_interfaces/lib/libturtle_interfaces__rosidl_typesupport_introspection_c.so" to ""\n'}
[7.081769] (turtle_interfaces) StdoutLine: {'line': b'-- Installing: /home/sgjzz1/git/physicalai-lv1-gyujinsim/physicalai-lv1-assignments-main/lv1_module2_student/ros2_ws/install/turtle_interfaces/lib/libturtle_interfaces__rosidl_typesupport_c.so\n'}
[7.082077] (turtle_interfaces) StdoutLine: {'line': b'-- Set runtime path of "/home/sgjzz1/git/physicalai-lv1-gyujinsim/physicalai-lv1-assignments-main/lv1_module2_student/ros2_ws/install/turtle_interfaces/lib/libturtle_interfaces__rosidl_typesupport_c.so" to ""\n'}
[7.082169] (turtle_interfaces) StdoutLine: {'line': b'-- Installing: /home/sgjzz1/git/physicalai-lv1-gyujinsim/physicalai-lv1-assignments-main/lv1_module2_student/ros2_ws/install/turtle_interfaces/lib/libturtle_interfaces__rosidl_typesupport_fastrtps_cpp.so\n'}
[7.082610] (turtle_interfaces) StdoutLine: {'line': b'-- Set runtime path of "/home/sgjzz1/git/physicalai-lv1-gyujinsim/physicalai-lv1-assignments-main/lv1_module2_student/ros2_ws/install/turtle_interfaces/lib/libturtle_interfaces__rosidl_typesupport_fastrtps_cpp.so" to ""\n'}
[7.082680] (turtle_interfaces) StdoutLine: {'line': b'-- Installing: /home/sgjzz1/git/physicalai-lv1-gyujinsim/physicalai-lv1-assignments-main/lv1_module2_student/ros2_ws/install/turtle_interfaces/lib/libturtle_interfaces__rosidl_typesupport_introspection_cpp.so\n'}
[7.083138] (turtle_interfaces) StdoutLine: {'line': b'-- Set runtime path of "/home/sgjzz1/git/physicalai-lv1-gyujinsim/physicalai-lv1-assignments-main/lv1_module2_student/ros2_ws/install/turtle_interfaces/lib/libturtle_interfaces__rosidl_typesupport_introspection_cpp.so" to ""\n'}
[7.083241] (turtle_interfaces) StdoutLine: {'line': b'-- Installing: /home/sgjzz1/git/physicalai-lv1-gyujinsim/physicalai-lv1-assignments-main/lv1_module2_student/ros2_ws/install/turtle_interfaces/lib/libturtle_interfaces__rosidl_typesupport_cpp.so\n'}
[7.083554] (turtle_interfaces) StdoutLine: {'line': b'-- Set runtime path of "/home/sgjzz1/git/physicalai-lv1-gyujinsim/physicalai-lv1-assignments-main/lv1_module2_student/ros2_ws/install/turtle_interfaces/lib/libturtle_interfaces__rosidl_typesupport_cpp.so" to ""\n'}
[7.113592] (-) TimerEvent: {}
[7.118696] (turtle_interfaces) StdoutLine: {'line': b"Listing '/home/sgjzz1/git/physicalai-lv1-gyujinsim/physicalai-lv1-assignments-main/lv1_module2_student/ros2_ws/install/turtle_interfaces/local/lib/python3.10/dist-packages/turtle_interfaces'...\n"}
[7.118880] (turtle_interfaces) StdoutLine: {'line': b"Compiling '/home/sgjzz1/git/physicalai-lv1-gyujinsim/physicalai-lv1-assignments-main/lv1_module2_student/ros2_ws/install/turtle_interfaces/local/lib/python3.10/dist-packages/turtle_interfaces/__init__.py'...\n"}
[7.118951] (turtle_interfaces) StdoutLine: {'line': b"Listing '/home/sgjzz1/git/physicalai-lv1-gyujinsim/physicalai-lv1-assignments-main/lv1_module2_student/ros2_ws/install/turtle_interfaces/local/lib/python3.10/dist-packages/turtle_interfaces/action'...\n"}
[7.119010] (turtle_interfaces) StdoutLine: {'line': b"Compiling '/home/sgjzz1/git/physicalai-lv1-gyujinsim/physicalai-lv1-assignments-main/lv1_module2_student/ros2_ws/install/turtle_interfaces/local/lib/python3.10/dist-packages/turtle_interfaces/action/__init__.py'...\n"}
[7.119076] (turtle_interfaces) StdoutLine: {'line': b"Compiling '/home/sgjzz1/git/physicalai-lv1-gyujinsim/physicalai-lv1-assignments-main/lv1_module2_student/ros2_ws/install/turtle_interfaces/local/lib/python3.10/dist-packages/turtle_interfaces/action/_draw_polygon.py'...\n"}
[7.119137] (turtle_interfaces) StdoutLine: {'line': b"Listing '/home/sgjzz1/git/physicalai-lv1-gyujinsim/physicalai-lv1-assignments-main/lv1_module2_student/ros2_ws/install/turtle_interfaces/local/lib/python3.10/dist-packages/turtle_interfaces/msg'...\n"}
[7.119197] (turtle_interfaces) StdoutLine: {'line': b"Compiling '/home/sgjzz1/git/physicalai-lv1-gyujinsim/physicalai-lv1-assignments-main/lv1_module2_student/ros2_ws/install/turtle_interfaces/local/lib/python3.10/dist-packages/turtle_interfaces/msg/__init__.py'...\n"}
[7.119260] (turtle_interfaces) StdoutLine: {'line': b"Compiling '/home/sgjzz1/git/physicalai-lv1-gyujinsim/physicalai-lv1-assignments-main/lv1_module2_student/ros2_ws/install/turtle_interfaces/local/lib/python3.10/dist-packages/turtle_interfaces/msg/_waypoint.py'...\n"}
[7.119343] (turtle_interfaces) StdoutLine: {'line': b"Compiling '/home/sgjzz1/git/physicalai-lv1-gyujinsim/physicalai-lv1-assignments-main/lv1_module2_student/ros2_ws/install/turtle_interfaces/local/lib/python3.10/dist-packages/turtle_interfaces/msg/_waypoint_list.py'...\n"}
[7.119429] (turtle_interfaces) StdoutLine: {'line': b"Listing '/home/sgjzz1/git/physicalai-lv1-gyujinsim/physicalai-lv1-assignments-main/lv1_module2_student/ros2_ws/install/turtle_interfaces/local/lib/python3.10/dist-packages/turtle_interfaces/srv'...\n"}
[7.119493] (turtle_interfaces) StdoutLine: {'line': b"Compiling '/home/sgjzz1/git/physicalai-lv1-gyujinsim/physicalai-lv1-assignments-main/lv1_module2_student/ros2_ws/install/turtle_interfaces/local/lib/python3.10/dist-packages/turtle_interfaces/srv/__init__.py'...\n"}
[7.119557] (turtle_interfaces) StdoutLine: {'line': b"Compiling '/home/sgjzz1/git/physicalai-lv1-gyujinsim/physicalai-lv1-assignments-main/lv1_module2_student/ros2_ws/install/turtle_interfaces/local/lib/python3.10/dist-packages/turtle_interfaces/srv/_set_gain.py'...\n"}
[7.124159] (turtle_interfaces) StdoutLine: {'line': b'-- Installing: /home/sgjzz1/git/physicalai-lv1-gyujinsim/physicalai-lv1-assignments-main/lv1_module2_student/ros2_ws/install/turtle_interfaces/lib/libturtle_interfaces__rosidl_generator_py.so\n'}
[7.124582] (turtle_interfaces) StdoutLine: {'line': b'-- Set runtime path of "/home/sgjzz1/git/physicalai-lv1-gyujinsim/physicalai-lv1-assignments-main/lv1_module2_student/ros2_ws/install/turtle_interfaces/lib/libturtle_interfaces__rosidl_generator_py.so" to ""\n'}
[7.124762] (turtle_interfaces) StdoutLine: {'line': b'-- Installing: /home/sgjzz1/git/physicalai-lv1-gyujinsim/physicalai-lv1-assignments-main/lv1_module2_student/ros2_ws/install/turtle_interfaces/share/turtle_interfaces/cmake/export_turtle_interfaces__rosidl_generator_cExport.cmake\n'}
[7.124879] (turtle_interfaces) StdoutLine: {'line': b'-- Installing: /home/sgjzz1/git/physicalai-lv1-gyujinsim/physicalai-lv1-assignments-main/lv1_module2_student/ros2_ws/install/turtle_interfaces/share/turtle_interfaces/cmake/export_turtle_interfaces__rosidl_generator_cExport-noconfig.cmake\n'}
[7.124989] (turtle_interfaces) StdoutLine: {'line': b'-- Installing: /home/sgjzz1/git/physicalai-lv1-gyujinsim/physicalai-lv1-assignments-main/lv1_module2_student/ros2_ws/install/turtle_interfaces/share/turtle_interfaces/cmake/export_turtle_interfaces__rosidl_typesupport_fastrtps_cExport.cmake\n'}
[7.125155] (turtle_interfaces) StdoutLine: {'line': b'-- Installing: /home/sgjzz1/git/physicalai-lv1-gyujinsim/physicalai-lv1-assignments-main/lv1_module2_student/ros2_ws/install/turtle_interfaces/share/turtle_interfaces/cmake/export_turtle_interfaces__rosidl_typesupport_fastrtps_cExport-noconfig.cmake\n'}
[7.125315] (turtle_interfaces) StdoutLine: {'line': b'-- Installing: /home/sgjzz1/git/physicalai-lv1-gyujinsim/physicalai-lv1-assignments-main/lv1_module2_student/ros2_ws/install/turtle_interfaces/share/turtle_interfaces/cmake/turtle_interfaces__rosidl_typesupport_introspection_cExport.cmake\n'}
[7.125471] (turtle_interfaces) StdoutLine: {'line': b'-- Installing: /home/sgjzz1/git/physicalai-lv1-gyujinsim/physicalai-lv1-assignments-main/lv1_module2_student/ros2_ws/install/turtle_interfaces/share/turtle_interfaces/cmake/turtle_interfaces__rosidl_typesupport_introspection_cExport-noconfig.cmake\n'}
[7.125632] (turtle_interfaces) StdoutLine: {'line': b'-- Installing: /home/sgjzz1/git/physicalai-lv1-gyujinsim/physicalai-lv1-assignments-main/lv1_module2_student/ros2_ws/install/turtle_interfaces/share/turtle_interfaces/cmake/turtle_interfaces__rosidl_typesupport_cExport.cmake\n'}
[7.125803] (turtle_interfaces) StdoutLine: {'line': b'-- Installing: /home/sgjzz1/git/physicalai-lv1-gyujinsim/physicalai-lv1-assignments-main/lv1_module2_student/ros2_ws/install/turtle_interfaces/share/turtle_interfaces/cmake/turtle_interfaces__rosidl_typesupport_cExport-noconfig.cmake\n'}
[7.125973] (turtle_interfaces) StdoutLine: {'line': b'-- Installing: /home/sgjzz1/git/physicalai-lv1-gyujinsim/physicalai-lv1-assignments-main/lv1_module2_student/ros2_ws/install/turtle_interfaces/share/turtle_interfaces/cmake/export_turtle_interfaces__rosidl_generator_cppExport.cmake\n'}
[7.126136] (turtle_interfaces) StdoutLine: {'line': b'-- Installing: /home/sgjzz1/git/physicalai-lv1-gyujinsim/physicalai-lv1-assignments-main/lv1_module2_student/ros2_ws/install/turtle_interfaces/share/turtle_interfaces/cmake/export_turtle_interfaces__rosidl_typesupport_fastrtps_cppExport.cmake\n'}
[7.126301] (turtle_interfaces) StdoutLine: {'line': b'-- Installing: /home/sgjzz1/git/physicalai-lv1-gyujinsim/physicalai-lv1-assignments-main/lv1_module2_student/ros2_ws/install/turtle_interfaces/share/turtle_interfaces/cmake/export_turtle_interfaces__rosidl_typesupport_fastrtps_cppExport-noconfig.cmake\n'}
[7.126465] (turtle_interfaces) StdoutLine: {'line': b'-- Installing: /home/sgjzz1/git/physicalai-lv1-gyujinsim/physicalai-lv1-assignments-main/lv1_module2_student/ros2_ws/install/turtle_interfaces/share/turtle_interfaces/cmake/turtle_interfaces__rosidl_typesupport_introspection_cppExport.cmake\n'}
[7.126626] (turtle_interfaces) StdoutLine: {'line': b'-- Installing: /home/sgjzz1/git/physicalai-lv1-gyujinsim/physicalai-lv1-assignments-main/lv1_module2_student/ros2_ws/install/turtle_interfaces/share/turtle_interfaces/cmake/turtle_interfaces__rosidl_typesupport_introspection_cppExport-noconfig.cmake\n'}
[7.126799] (turtle_interfaces) StdoutLine: {'line': b'-- Installing: /home/sgjzz1/git/physicalai-lv1-gyujinsim/physicalai-lv1-assignments-main/lv1_module2_student/ros2_ws/install/turtle_interfaces/share/turtle_interfaces/cmake/turtle_interfaces__rosidl_typesupport_cppExport.cmake\n'}
[7.126962] (turtle_interfaces) StdoutLine: {'line': b'-- Installing: /home/sgjzz1/git/physicalai-lv1-gyujinsim/physicalai-lv1-assignments-main/lv1_module2_student/ros2_ws/install/turtle_interfaces/share/turtle_interfaces/cmake/turtle_interfaces__rosidl_typesupport_cppExport-noconfig.cmake\n'}
[7.127121] (turtle_interfaces) StdoutLine: {'line': b'-- Installing: /home/sgjzz1/git/physicalai-lv1-gyujinsim/physicalai-lv1-assignments-main/lv1_module2_student/ros2_ws/install/turtle_interfaces/share/turtle_interfaces/cmake/export_turtle_interfaces__rosidl_generator_pyExport.cmake\n'}
[7.127276] (turtle_interfaces) StdoutLine: {'line': b'-- Installing: /home/sgjzz1/git/physicalai-lv1-gyujinsim/physicalai-lv1-assignments-main/lv1_module2_student/ros2_ws/install/turtle_interfaces/share/turtle_interfaces/cmake/export_turtle_interfaces__rosidl_generator_pyExport-noconfig.cmake\n'}
[7.129571] (turtle_interfaces) CommandEnded: {'returncode': 0}
[7.145672] (turtle_interfaces) JobEnded: {'identifier': 'turtle_interfaces', 'rc': 0}
[7.146239] (turtle_examples) JobStarted: {'identifier': 'turtle_examples'}
[7.213701] (-) TimerEvent: {}
[7.313975] (-) TimerEvent: {}
[7.414230] (-) TimerEvent: {}
[7.514491] (-) TimerEvent: {}
[7.614784] (-) TimerEvent: {}
[7.715070] (-) TimerEvent: {}
[7.815367] (-) TimerEvent: {}
[7.915638] (-) TimerEvent: {}
[7.982884] (turtle_examples) Command: {'cmd': ['/usr/bin/python3', '-W', 'ignore:setup.py install is deprecated', '-W', 'ignore:easy_install command is deprecated', 'setup.py', 'develop', '--editable', '--build-directory', '/home/sgjzz1/git/physicalai-lv1-gyujinsim/physicalai-lv1-assignments-main/lv1_module2_student/ros2_ws/build/turtle_examples/build', '--no-deps', 'symlink_data'], 'cwd': '/home/sgjzz1/git/physicalai-lv1-gyujinsim/physicalai-lv1-assignments-main/lv1_module2_student/ros2_ws/build/turtle_examples', 'env': {'GJS_DEBUG_TOPICS': 'JS ERROR;JS LOG', 'PYTHON_BASIC_REPL': '1', 'LESSOPEN': '| /usr/bin/lesspipe %s', 'LANGUAGE': 'en_US:en', 'USER': 'sgjzz1', 'LC_TIME': 'ko_KR.UTF-8', 'XDG_SESSION_TYPE': 'x11', 'GIT_ASKPASS': '/usr/share/code/resources/app/extensions/git/dist/askpass.sh', 'SHLVL': '1', 'LD_LIBRARY_PATH': '/home/sgjzz1/git/physicalai-lv1-gyujinsim/physicalai-lv1-assignments-main/lv1_module2_student/ros2_ws/install/turtle_interfaces/lib:/usr/lib/x86_64-linux-gnu/gazebo-11/plugins:/opt/ros/humble/opt/rviz_ogre_vendor/lib:/opt/ros/humble/lib/x86_64-linux-gnu:/opt/ros/humble/lib', 'HOME': '/home/sgjzz1', 'CHROME_DESKTOP': 'code.desktop', 'OLDPWD': '/home/sgjzz1/git/physicalai-lv1-gyujinsim/physicalai-lv1-assignments-main/lv1_module2_student', 'TERM_PROGRAM_VERSION': '1.129.1', 'DESKTOP_SESSION': 'ubuntu', 'GIO_LAUNCHED_DESKTOP_FILE': '/usr/share/applications/code.desktop', 'ROS_PYTHON_VERSION': '3', 'GNOME_SHELL_SESSION_MODE': 'ubuntu', 'GTK_MODULES': 'gail:atk-bridge', 'VSCODE_GIT_ASKPASS_MAIN': '/usr/share/code/resources/app/extensions/git/dist/askpass-main.js', 'LC_MONETARY': 'ko_KR.UTF-8', 'VSCODE_GIT_ASKPASS_NODE': '/usr/share/code/code', 'MANAGERPID': '1987', 'PYDEVD_DISABLE_FILE_VALIDATION': '1', 'SYSTEMD_EXEC_PID': '2230', 'BUNDLED_DEBUGPY_PATH': '/home/sgjzz1/.vscode/extensions/ms-python.debugpy-2026.6.0-linux-x64/bundled/libs/debugpy', 'VSCODE_PYTHON_AUTOACTIVATE_GUARD': '1', 'DBUS_SESSION_BUS_ADDRESS': 'unix:path=/run/user/1000/bus', 'COLORTERM': 'truecolor', 'GIO_LAUNCHED_DESKTOP_FILE_PID': '29561', 'ROS_DISTRO': 'humble', 'GTK_IM_MODULE': 'ibus', 'LOGNAME': 'sgjzz1', 'JOURNAL_STREAM': '8:17964', '_': '/usr/bin/colcon', 'ROS_VERSION': '2', 'XDG_SESSION_CLASS': 'user', 'USERNAME': 'sgjzz1', 'TERM': 'xterm-256color', 'GNOME_DESKTOP_SESSION_ID': 'this-is-deprecated', 'FC_FONTATIONS': '1', 'ROS_LOCALHOST_ONLY': '0', 'WINDOWPATH': '2', 'PATH': '/opt/ros/humble/bin:/home/sgjzz1/.config/Code/User/globalStorage/github.copilot-chat/debugCommand:/home/sgjzz1/.config/Code/User/globalStorage/github.copilot-chat/copilotCli:/home/sgjzz1/.local/bin:/home/sgjzz1/.local/bin:/usr/local/sbin:/usr/local/bin:/usr/sbin:/usr/bin:/sbin:/bin:/usr/games:/usr/local/games:/snap/bin:/snap/bin:/home/sgjzz1/.vscode/extensions/ms-python.debugpy-2026.6.0-linux-x64/bundled/scripts/noConfigScripts', 'SESSION_MANAGER': 'local/sgjzz1:@/tmp/.ICE-unix/2203,unix/sgjzz1:/tmp/.ICE-unix/2203', 'INVOCATION_ID': '808d078eb90c4ca0bedf830c4e456770', 'PAPERSIZE': 'a4', 'XDG_MENU_PREFIX': 'gnome-', 'LC_ADDRESS': 'ko_KR.UTF-8', 'XDG_RUNTIME_DIR': '/run/user/1000', 'GDK_BACKEND': 'x11', 'DISPLAY': ':1', 'VSCODE_DEBUGPY_ADAPTER_ENDPOINTS': '/home/sgjzz1/.vscode/extensions/ms-python.debugpy-2026.6.0-linux-x64/.noConfigDebugAdapterEndpoints/endpoint-802681cb17f2891c.txt', 'LANG': 'en_US.UTF-8', 'XDG_CURRENT_DESKTOP': 'ubuntu:GNOME', 'PYTHONSTARTUP': '/home/sgjzz1/.config/Code/User/workspaceStorage/2635ab38cf0fae7d6203d74eaf814616/ms-python.python/pythonrc.py', 'LC_TELEPHONE': 'ko_KR.UTF-8', 'XMODIFIERS': '@im=ibus', 'XDG_SESSION_DESKTOP': 'ubuntu', 'XAUTHORITY': '/run/user/1000/gdm/Xauthority', 'LS_COLORS': 'rs=0:di=01;34:ln=01;36:mh=00:pi=40;33:so=01;35:do=01;35:bd=40;33;01:cd=40;33;01:or=40;31;01:mi=00:su=37;41:sg=30;43:ca=30;41:tw=30;42:ow=34;42:st=37;44:ex=01;32:*.tar=01;31:*.tgz=01;31:*.arc=01;31:*.arj=01;31:*.taz=01;31:*.lha=01;31:*.lz4=01;31:*.lzh=01;31:*.lzma=01;31:*.tlz=01;31:*.txz=01;31:*.tzo=01;31:*.t7z=01;31:*.zip=01;31:*.z=01;31:*.dz=01;31:*.gz=01;31:*.lrz=01;31:*.lz=01;31:*.lzo=01;31:*.xz=01;31:*.zst=01;31:*.tzst=01;31:*.bz2=01;31:*.bz=01;31:*.tbz=01;31:*.tbz2=01;31:*.tz=01;31:*.deb=01;31:*.rpm=01;31:*.jar=01;31:*.war=01;31:*.ear=01;31:*.sar=01;31:*.rar=01;31:*.alz=01;31:*.ace=01;31:*.zoo=01;31:*.cpio=01;31:*.7z=01;31:*.rz=01;31:*.cab=01;31:*.wim=01;31:*.swm=01;31:*.dwm=01;31:*.esd=01;31:*.jpg=01;35:*.jpeg=01;35:*.mjpg=01;35:*.mjpeg=01;35:*.gif=01;35:*.bmp=01;35:*.pbm=01;35:*.pgm=01;35:*.ppm=01;35:*.tga=01;35:*.xbm=01;35:*.xpm=01;35:*.tif=01;35:*.tiff=01;35:*.png=01;35:*.svg=01;35:*.svgz=01;35:*.mng=01;35:*.pcx=01;35:*.mov=01;35:*.mpg=01;35:*.mpeg=01;35:*.m2v=01;35:*.mkv=01;35:*.webm=01;35:*.webp=01;35:*.ogm=01;35:*.mp4=01;35:*.m4v=01;35:*.mp4v=01;35:*.vob=01;35:*.qt=01;35:*.nuv=01;35:*.wmv=01;35:*.asf=01;35:*.rm=01;35:*.rmvb=01;35:*.flc=01;35:*.avi=01;35:*.fli=01;35:*.flv=01;35:*.gl=01;35:*.dl=01;35:*.xcf=01;35:*.xwd=01;35:*.yuv=01;35:*.cgm=01;35:*.emf=01;35:*.ogv=01;35:*.ogx=01;35:*.aac=00;36:*.au=00;36:*.flac=00;36:*.m4a=00;36:*.mid=00;36:*.midi=00;36:*.mka=00;36:*.mp3=00;36:*.mpc=00;36:*.ogg=00;36:*.ra=00;36:*.wav=00;36:*.oga=00;36:*.opus=00;36:*.spx=00;36:*.xspf=00;36:', 'VSCODE_GIT_IPC_HANDLE': '/run/user/1000/vscode-git-26048dab54.sock', 'TERM_PROGRAM': 'vscode', 'SSH_AGENT_LAUNCHER': 'gnome-keyring', 'SSH_AUTH_SOCK': '/run/user/1000/keyring/ssh', 'AMENT_PREFIX_PATH': '/home/sgjzz1/git/physicalai-lv1-gyujinsim/physicalai-lv1-assignments-main/lv1_module2_student/ros2_ws/install/turtle_interfaces:/opt/ros/humble', 'SHELL': '/bin/bash', 'LC_NAME': 'ko_KR.UTF-8', 'QT_ACCESSIBILITY': '1', 'GDMSESSION': 'ubuntu', 'LESSCLOSE': '/usr/bin/lesspipe %s %s', 'LC_MEASUREMENT': 'ko_KR.UTF-8', 'GPG_AGENT_INFO': '/run/user/1000/gnupg/S.gpg-agent:0:1', 'GJS_DEBUG_OUTPUT': 'stderr', 'LC_IDENTIFICATION': 'ko_KR.UTF-8', 'VSCODE_GIT_ASKPASS_EXTRA_ARGS': '', 'QT_IM_MODULE': 'ibus', 'PWD': '/home/sgjzz1/git/physicalai-lv1-gyujinsim/physicalai-lv1-assignments-main/lv1_module2_student/ros2_ws/build/turtle_examples', 'LC_ALL': 'en_US.UTF-8', 'XDG_CONFIG_DIRS': '/etc/xdg/xdg-ubuntu:/etc/xdg', 'COPILOT_DEBUG_NONCE': '4b106a26769a60d375c272b8c3e55bdc', 'XDG_DATA_DIRS': '/usr/share/ubuntu:/usr/share/gnome:/usr/local/share/:/usr/share/:/var/lib/snapd/desktop', 'PYTHONPATH': '/home/sgjzz1/git/physicalai-lv1-gyujinsim/physicalai-lv1-assignments-main/lv1_module2_student/ros2_ws/build/turtle_examples/prefix_override:/usr/lib/python3/dist-packages/colcon_core/task/python/colcon_distutils_commands:/home/sgjzz1/git/physicalai-lv1-gyujinsim/physicalai-lv1-assignments-main/lv1_module2_student/ros2_ws/install/turtle_examples/lib/python3.10/site-packages:/home/sgjzz1/git/physicalai-lv1-gyujinsim/physicalai-lv1-assignments-main/lv1_module2_student/ros2_ws/install/turtle_interfaces/local/lib/python3.10/dist-packages:/opt/ros/humble/lib/python3.10/site-packages:/opt/ros/humble/local/lib/python3.10/dist-packages', 'LC_NUMERIC': 'ko_KR.UTF-8', 'LC_PAPER': 'ko_KR.UTF-8', 'COLCON': '1', 'CMAKE_PREFIX_PATH': '/home/sgjzz1/git/physicalai-lv1-gyujinsim/physicalai-lv1-assignments-main/lv1_module2_student/ros2_ws/install/turtle_interfaces'}, 'shell': False}
[8.015769] (-) TimerEvent: {}
[8.116056] (-) TimerEvent: {}
[8.214490] (turtle_examples) StdoutLine: {'line': b'running develop\n'}
[8.216145] (-) TimerEvent: {}
[8.316371] (-) TimerEvent: {}
[8.388734] (turtle_examples) StdoutLine: {'line': b'running egg_info\n'}
[8.388911] (turtle_examples) StdoutLine: {'line': b'creating turtle_examples.egg-info\n'}
[8.389072] (turtle_examples) StdoutLine: {'line': b'writing turtle_examples.egg-info/PKG-INFO\n'}
[8.389196] (turtle_examples) StdoutLine: {'line': b'writing dependency_links to turtle_examples.egg-info/dependency_links.txt\n'}
[8.389321] (turtle_examples) StdoutLine: {'line': b'writing entry points to turtle_examples.egg-info/entry_points.txt\n'}
[8.389417] (turtle_examples) StdoutLine: {'line': b'writing requirements to turtle_examples.egg-info/requires.txt\n'}
[8.389525] (turtle_examples) StdoutLine: {'line': b'writing top-level names to turtle_examples.egg-info/top_level.txt\n'}
[8.389661] (turtle_examples) StdoutLine: {'line': b"writing manifest file 'turtle_examples.egg-info/SOURCES.txt'\n"}
[8.391178] (turtle_examples) StdoutLine: {'line': b"reading manifest file 'turtle_examples.egg-info/SOURCES.txt'\n"}
[8.391681] (turtle_examples) StdoutLine: {'line': b"writing manifest file 'turtle_examples.egg-info/SOURCES.txt'\n"}
[8.392769] (turtle_examples) StdoutLine: {'line': b'running build_ext\n'}
[8.392925] (turtle_examples) StdoutLine: {'line': b'Creating /home/sgjzz1/git/physicalai-lv1-gyujinsim/physicalai-lv1-assignments-main/lv1_module2_student/ros2_ws/install/turtle_examples/lib/python3.10/site-packages/turtle-examples.egg-link (link to .)\n'}
[8.393569] (turtle_examples) StdoutLine: {'line': b'Installing ex03_distance_publisher script to /home/sgjzz1/git/physicalai-lv1-gyujinsim/physicalai-lv1-assignments-main/lv1_module2_student/ros2_ws/install/turtle_examples/lib/turtle_examples\n'}
[8.393719] (turtle_examples) StdoutLine: {'line': b'Installing ex03_distance_subscriber script to /home/sgjzz1/git/physicalai-lv1-gyujinsim/physicalai-lv1-assignments-main/lv1_module2_student/ros2_ws/install/turtle_examples/lib/turtle_examples\n'}
[8.393840] (turtle_examples) StdoutLine: {'line': b'Installing ex05_builtin_service_client script to /home/sgjzz1/git/physicalai-lv1-gyujinsim/physicalai-lv1-assignments-main/lv1_module2_student/ros2_ws/install/turtle_examples/lib/turtle_examples\n'}
[8.393944] (turtle_examples) StdoutLine: {'line': b'Installing ex05_rotate_absolute_client script to /home/sgjzz1/git/physicalai-lv1-gyujinsim/physicalai-lv1-assignments-main/lv1_module2_student/ros2_ws/install/turtle_examples/lib/turtle_examples\n'}
[8.394016] (turtle_examples) StdoutLine: {'line': b'Installing ex05_toggle_servers script to /home/sgjzz1/git/physicalai-lv1-gyujinsim/physicalai-lv1-assignments-main/lv1_module2_student/ros2_ws/install/turtle_examples/lib/turtle_examples\n'}
[8.394088] (turtle_examples) StdoutLine: {'line': b'Installing ex06_polygon_action_server script to /home/sgjzz1/git/physicalai-lv1-gyujinsim/physicalai-lv1-assignments-main/lv1_module2_student/ros2_ws/install/turtle_examples/lib/turtle_examples\n'}
[8.394169] (turtle_examples) StdoutLine: {'line': b'Installing ex06_waypoint_publisher script to /home/sgjzz1/git/physicalai-lv1-gyujinsim/physicalai-lv1-assignments-main/lv1_module2_student/ros2_ws/install/turtle_examples/lib/turtle_examples\n'}
[8.394250] (turtle_examples) StdoutLine: {'line': b'Installing ex07_qos_sensor_publisher script to /home/sgjzz1/git/physicalai-lv1-gyujinsim/physicalai-lv1-assignments-main/lv1_module2_student/ros2_ws/install/turtle_examples/lib/turtle_examples\n'}
[8.394335] (turtle_examples) StdoutLine: {'line': b'Installing ex07_qos_subscriber script to /home/sgjzz1/git/physicalai-lv1-gyujinsim/physicalai-lv1-assignments-main/lv1_module2_student/ros2_ws/install/turtle_examples/lib/turtle_examples\n'}
[8.394486] (turtle_examples) StdoutLine: {'line': b'\n'}
[8.394544] (turtle_examples) StdoutLine: {'line': b'Installed /home/sgjzz1/git/physicalai-lv1-gyujinsim/physicalai-lv1-assignments-main/lv1_module2_student/ros2_ws/build/turtle_examples\n'}
[8.394624] (turtle_examples) StdoutLine: {'line': b'running symlink_data\n'}
[8.394703] (turtle_examples) StdoutLine: {'line': b'creating /home/sgjzz1/git/physicalai-lv1-gyujinsim/physicalai-lv1-assignments-main/lv1_module2_student/ros2_ws/install/turtle_examples/share/ament_index\n'}
[8.394762] (turtle_examples) StdoutLine: {'line': b'creating /home/sgjzz1/git/physicalai-lv1-gyujinsim/physicalai-lv1-assignments-main/lv1_module2_student/ros2_ws/install/turtle_examples/share/ament_index/resource_index\n'}
[8.394915] (turtle_examples) StdoutLine: {'line': b'creating /home/sgjzz1/git/physicalai-lv1-gyujinsim/physicalai-lv1-assignments-main/lv1_module2_student/ros2_ws/install/turtle_examples/share/ament_index/resource_index/packages\n'}
[8.395005] (turtle_examples) StdoutLine: {'line': b'symbolically linking /home/sgjzz1/git/physicalai-lv1-gyujinsim/physicalai-lv1-assignments-main/lv1_module2_student/ros2_ws/build/turtle_examples/resource/turtle_examples -> /home/sgjzz1/git/physicalai-lv1-gyujinsim/physicalai-lv1-assignments-main/lv1_module2_student/ros2_ws/install/turtle_examples/share/ament_index/resource_index/packages\n'}
[8.395117] (turtle_examples) StdoutLine: {'line': b'symbolically linking /home/sgjzz1/git/physicalai-lv1-gyujinsim/physicalai-lv1-assignments-main/lv1_module2_student/ros2_ws/build/turtle_examples/package.xml -> /home/sgjzz1/git/physicalai-lv1-gyujinsim/physicalai-lv1-assignments-main/lv1_module2_student/ros2_ws/install/turtle_examples/share/turtle_examples\n'}
[8.395188] (turtle_examples) StdoutLine: {'line': b'creating /home/sgjzz1/git/physicalai-lv1-gyujinsim/physicalai-lv1-assignments-main/lv1_module2_student/ros2_ws/install/turtle_examples/share/turtle_examples/launch\n'}
[8.395249] (turtle_examples) StdoutLine: {'line': b'symbolically linking /home/sgjzz1/git/physicalai-lv1-gyujinsim/physicalai-lv1-assignments-main/lv1_module2_student/ros2_ws/build/turtle_examples/launch/turtle_system.launch.py -> /home/sgjzz1/git/physicalai-lv1-gyujinsim/physicalai-lv1-assignments-main/lv1_module2_student/ros2_ws/install/turtle_examples/share/turtle_examples/launch\n'}
[8.395309] (turtle_examples) StdoutLine: {'line': b'creating /home/sgjzz1/git/physicalai-lv1-gyujinsim/physicalai-lv1-assignments-main/lv1_module2_student/ros2_ws/install/turtle_examples/share/turtle_examples/config\n'}
[8.395355] (turtle_examples) StdoutLine: {'line': b'symbolically linking /home/sgjzz1/git/physicalai-lv1-gyujinsim/physicalai-lv1-assignments-main/lv1_module2_student/ros2_ws/build/turtle_examples/config/params.yaml -> /home/sgjzz1/git/physicalai-lv1-gyujinsim/physicalai-lv1-assignments-main/lv1_module2_student/ros2_ws/install/turtle_examples/share/turtle_examples/config\n'}
[8.416514] (-) TimerEvent: {}
[8.430232] (turtle_cpp) StdoutLine: {'line': b'[ 83%] \x1b[32m\x1b[1mLinking CXX executable sub\x1b[0m\n'}
[8.433013] (turtle_examples) CommandEnded: {'returncode': 0}
[8.439276] (turtle_examples) JobEnded: {'identifier': 'turtle_examples', 'rc': 0}
[8.516650] (-) TimerEvent: {}
[8.617002] (-) TimerEvent: {}
[8.717388] (-) TimerEvent: {}
[8.734286] (turtle_cpp) StdoutLine: {'line': b'[ 83%] Built target sub\n'}
[8.817518] (-) TimerEvent: {}
[8.917864] (-) TimerEvent: {}
[8.921741] (turtle_cpp) StdoutLine: {'line': b'[100%] \x1b[32m\x1b[1mLinking CXX executable pub\x1b[0m\n'}
[9.018011] (-) TimerEvent: {}
[9.118338] (-) TimerEvent: {}
[9.218632] (-) TimerEvent: {}
[9.247261] (turtle_cpp) StdoutLine: {'line': b'[100%] Built target pub\n'}
[9.257745] (turtle_cpp) CommandEnded: {'returncode': 0}
[9.258433] (turtle_cpp) JobProgress: {'identifier': 'turtle_cpp', 'progress': 'install'}
[9.259147] (turtle_cpp) Command: {'cmd': ['/usr/bin/cmake', '--install', '/home/sgjzz1/git/physicalai-lv1-gyujinsim/physicalai-lv1-assignments-main/lv1_module2_student/ros2_ws/build/turtle_cpp'], 'cwd': '/home/sgjzz1/git/physicalai-lv1-gyujinsim/physicalai-lv1-assignments-main/lv1_module2_student/ros2_ws/build/turtle_cpp', 'env': OrderedDict([('GJS_DEBUG_TOPICS', 'JS ERROR;JS LOG'), ('PYTHON_BASIC_REPL', '1'), ('LESSOPEN', '| /usr/bin/lesspipe %s'), ('LANGUAGE', 'en_US:en'), ('USER', 'sgjzz1'), ('LC_TIME', 'ko_KR.UTF-8'), ('XDG_SESSION_TYPE', 'x11'), ('GIT_ASKPASS', '/usr/share/code/resources/app/extensions/git/dist/askpass.sh'), ('SHLVL', '1'), ('LD_LIBRARY_PATH', '/usr/lib/x86_64-linux-gnu/gazebo-11/plugins:/opt/ros/humble/opt/rviz_ogre_vendor/lib:/opt/ros/humble/lib/x86_64-linux-gnu:/opt/ros/humble/lib'), ('HOME', '/home/sgjzz1'), ('CHROME_DESKTOP', 'code.desktop'), ('OLDPWD', '/home/sgjzz1/git/physicalai-lv1-gyujinsim/physicalai-lv1-assignments-main/lv1_module2_student'), ('TERM_PROGRAM_VERSION', '1.129.1'), ('DESKTOP_SESSION', 'ubuntu'), ('GIO_LAUNCHED_DESKTOP_FILE', '/usr/share/applications/code.desktop'), ('ROS_PYTHON_VERSION', '3'), ('GNOME_SHELL_SESSION_MODE', 'ubuntu'), ('GTK_MODULES', 'gail:atk-bridge'), ('VSCODE_GIT_ASKPASS_MAIN', '/usr/share/code/resources/app/extensions/git/dist/askpass-main.js'), ('LC_MONETARY', 'ko_KR.UTF-8'), ('VSCODE_GIT_ASKPASS_NODE', '/usr/share/code/code'), ('MANAGERPID', '1987'), ('PYDEVD_DISABLE_FILE_VALIDATION', '1'), ('SYSTEMD_EXEC_PID', '2230'), ('BUNDLED_DEBUGPY_PATH', '/home/sgjzz1/.vscode/extensions/ms-python.debugpy-2026.6.0-linux-x64/bundled/libs/debugpy'), ('VSCODE_PYTHON_AUTOACTIVATE_GUARD', '1'), ('DBUS_SESSION_BUS_ADDRESS', 'unix:path=/run/user/1000/bus'), ('COLORTERM', 'truecolor'), ('GIO_LAUNCHED_DESKTOP_FILE_PID', '29561'), ('ROS_DISTRO', 'humble'), ('GTK_IM_MODULE', 'ibus'), ('LOGNAME', 'sgjzz1'), ('JOURNAL_STREAM', '8:17964'), ('_', '/usr/bin/colcon'), ('ROS_VERSION', '2'), ('XDG_SESSION_CLASS', 'user'), ('USERNAME', 'sgjzz1'), ('TERM', 'xterm-256color'), ('GNOME_DESKTOP_SESSION_ID', 'this-is-deprecated'), ('FC_FONTATIONS', '1'), ('ROS_LOCALHOST_ONLY', '0'), ('WINDOWPATH', '2'), ('PATH', '/opt/ros/humble/bin:/home/sgjzz1/.config/Code/User/globalStorage/github.copilot-chat/debugCommand:/home/sgjzz1/.config/Code/User/globalStorage/github.copilot-chat/copilotCli:/home/sgjzz1/.local/bin:/home/sgjzz1/.local/bin:/usr/local/sbin:/usr/local/bin:/usr/sbin:/usr/bin:/sbin:/bin:/usr/games:/usr/local/games:/snap/bin:/snap/bin:/home/sgjzz1/.vscode/extensions/ms-python.debugpy-2026.6.0-linux-x64/bundled/scripts/noConfigScripts'), ('SESSION_MANAGER', 'local/sgjzz1:@/tmp/.ICE-unix/2203,unix/sgjzz1:/tmp/.ICE-unix/2203'), ('INVOCATION_ID', '808d078eb90c4ca0bedf830c4e456770'), ('PAPERSIZE', 'a4'), ('XDG_MENU_PREFIX', 'gnome-'), ('LC_ADDRESS', 'ko_KR.UTF-8'), ('XDG_RUNTIME_DIR', '/run/user/1000'), ('GDK_BACKEND', 'x11'), ('DISPLAY', ':1'), ('VSCODE_DEBUGPY_ADAPTER_ENDPOINTS', '/home/sgjzz1/.vscode/extensions/ms-python.debugpy-2026.6.0-linux-x64/.noConfigDebugAdapterEndpoints/endpoint-802681cb17f2891c.txt'), ('LANG', 'en_US.UTF-8'), ('XDG_CURRENT_DESKTOP', 'ubuntu:GNOME'), ('PYTHONSTARTUP', '/home/sgjzz1/.config/Code/User/workspaceStorage/2635ab38cf0fae7d6203d74eaf814616/ms-python.python/pythonrc.py'), ('LC_TELEPHONE', 'ko_KR.UTF-8'), ('XMODIFIERS', '@im=ibus'), ('XDG_SESSION_DESKTOP', 'ubuntu'), ('XAUTHORITY', '/run/user/1000/gdm/Xauthority'), ('LS_COLORS', 'rs=0:di=01;34:ln=01;36:mh=00:pi=40;33:so=01;35:do=01;35:bd=40;33;01:cd=40;33;01:or=40;31;01:mi=00:su=37;41:sg=30;43:ca=30;41:tw=30;42:ow=34;42:st=37;44:ex=01;32:*.tar=01;31:*.tgz=01;31:*.arc=01;31:*.arj=01;31:*.taz=01;31:*.lha=01;31:*.lz4=01;31:*.lzh=01;31:*.lzma=01;31:*.tlz=01;31:*.txz=01;31:*.tzo=01;31:*.t7z=01;31:*.zip=01;31:*.z=01;31:*.dz=01;31:*.gz=01;31:*.lrz=01;31:*.lz=01;31:*.lzo=01;31:*.xz=01;31:*.zst=01;31:*.tzst=01;31:*.bz2=01;31:*.bz=01;31:*.tbz=01;31:*.tbz2=01;31:*.tz=01;31:*.deb=01;31:*.rpm=01;31:*.jar=01;31:*.war=01;31:*.ear=01;31:*.sar=01;31:*.rar=01;31:*.alz=01;31:*.ace=01;31:*.zoo=01;31:*.cpio=01;31:*.7z=01;31:*.rz=01;31:*.cab=01;31:*.wim=01;31:*.swm=01;31:*.dwm=01;31:*.esd=01;31:*.jpg=01;35:*.jpeg=01;35:*.mjpg=01;35:*.mjpeg=01;35:*.gif=01;35:*.bmp=01;35:*.pbm=01;35:*.pgm=01;35:*.ppm=01;35:*.tga=01;35:*.xbm=01;35:*.xpm=01;35:*.tif=01;35:*.tiff=01;35:*.png=01;35:*.svg=01;35:*.svgz=01;35:*.mng=01;35:*.pcx=01;35:*.mov=01;35:*.mpg=01;35:*.mpeg=01;35:*.m2v=01;35:*.mkv=01;35:*.webm=01;35:*.webp=01;35:*.ogm=01;35:*.mp4=01;35:*.m4v=01;35:*.mp4v=01;35:*.vob=01;35:*.qt=01;35:*.nuv=01;35:*.wmv=01;35:*.asf=01;35:*.rm=01;35:*.rmvb=01;35:*.flc=01;35:*.avi=01;35:*.fli=01;35:*.flv=01;35:*.gl=01;35:*.dl=01;35:*.xcf=01;35:*.xwd=01;35:*.yuv=01;35:*.cgm=01;35:*.emf=01;35:*.ogv=01;35:*.ogx=01;35:*.aac=00;36:*.au=00;36:*.flac=00;36:*.m4a=00;36:*.mid=00;36:*.midi=00;36:*.mka=00;36:*.mp3=00;36:*.mpc=00;36:*.ogg=00;36:*.ra=00;36:*.wav=00;36:*.oga=00;36:*.opus=00;36:*.spx=00;36:*.xspf=00;36:'), ('VSCODE_GIT_IPC_HANDLE', '/run/user/1000/vscode-git-26048dab54.sock'), ('TERM_PROGRAM', 'vscode'), ('SSH_AGENT_LAUNCHER', 'gnome-keyring'), ('SSH_AUTH_SOCK', '/run/user/1000/keyring/ssh'), ('AMENT_PREFIX_PATH', '/opt/ros/humble'), ('SHELL', '/bin/bash'), ('LC_NAME', 'ko_KR.UTF-8'), ('QT_ACCESSIBILITY', '1'), ('GDMSESSION', 'ubuntu'), ('LESSCLOSE', '/usr/bin/lesspipe %s %s'), ('LC_MEASUREMENT', 'ko_KR.UTF-8'), ('GPG_AGENT_INFO', '/run/user/1000/gnupg/S.gpg-agent:0:1'), ('GJS_DEBUG_OUTPUT', 'stderr'), ('LC_IDENTIFICATION', 'ko_KR.UTF-8'), ('VSCODE_GIT_ASKPASS_EXTRA_ARGS', ''), ('QT_IM_MODULE', 'ibus'), ('PWD', '/home/sgjzz1/git/physicalai-lv1-gyujinsim/physicalai-lv1-assignments-main/lv1_module2_student/ros2_ws/build/turtle_cpp'), ('LC_ALL', 'en_US.UTF-8'), ('XDG_CONFIG_DIRS', '/etc/xdg/xdg-ubuntu:/etc/xdg'), ('COPILOT_DEBUG_NONCE', '4b106a26769a60d375c272b8c3e55bdc'), ('XDG_DATA_DIRS', '/usr/share/ubuntu:/usr/share/gnome:/usr/local/share/:/usr/share/:/var/lib/snapd/desktop'), ('PYTHONPATH', '/opt/ros/humble/lib/python3.10/site-packages:/opt/ros/humble/local/lib/python3.10/dist-packages'), ('LC_NUMERIC', 'ko_KR.UTF-8'), ('LC_PAPER', 'ko_KR.UTF-8'), ('COLCON', '1'), ('CMAKE_PREFIX_PATH', '/opt/ros/humble')]), 'shell': False}
[9.265573] (turtle_cpp) StdoutLine: {'line': b'-- Install configuration: ""\n'}
[9.266038] (turtle_cpp) StdoutLine: {'line': b'-- Execute custom install script\n'}
[9.266405] (turtle_cpp) StdoutLine: {'line': b'-- Symlinking: /home/sgjzz1/git/physicalai-lv1-gyujinsim/physicalai-lv1-assignments-main/lv1_module2_student/ros2_ws/install/turtle_cpp/lib/turtle_cpp/pub\n'}
[9.274701] (turtle_cpp) StdoutLine: {'line': b'-- Symlinking: /home/sgjzz1/git/physicalai-lv1-gyujinsim/physicalai-lv1-assignments-main/lv1_module2_student/ros2_ws/install/turtle_cpp/lib/turtle_cpp/sub\n'}
[9.282824] (turtle_cpp) StdoutLine: {'line': b'-- Symlinking: /home/sgjzz1/git/physicalai-lv1-gyujinsim/physicalai-lv1-assignments-main/lv1_module2_student/ros2_ws/install/turtle_cpp/lib/turtle_cpp/square\n'}
[9.291066] (turtle_cpp) StdoutLine: {'line': b'-- Symlinking: /home/sgjzz1/git/physicalai-lv1-gyujinsim/physicalai-lv1-assignments-main/lv1_module2_student/ros2_ws/install/turtle_cpp/share/ament_index/resource_index/package_run_dependencies/turtle_cpp\n'}
[9.298788] (turtle_cpp) StdoutLine: {'line': b'-- Symlinking: /home/sgjzz1/git/physicalai-lv1-gyujinsim/physicalai-lv1-assignments-main/lv1_module2_student/ros2_ws/install/turtle_cpp/share/ament_index/resource_index/parent_prefix_path/turtle_cpp\n'}
[9.306671] (turtle_cpp) StdoutLine: {'line': b'-- Symlinking: /home/sgjzz1/git/physicalai-lv1-gyujinsim/physicalai-lv1-assignments-main/lv1_module2_student/ros2_ws/install/turtle_cpp/share/turtle_cpp/environment/ament_prefix_path.sh\n'}
[9.314155] (turtle_cpp) StdoutLine: {'line': b'-- Symlinking: /home/sgjzz1/git/physicalai-lv1-gyujinsim/physicalai-lv1-assignments-main/lv1_module2_student/ros2_ws/install/turtle_cpp/share/turtle_cpp/environment/ament_prefix_path.dsv\n'}
[9.318729] (-) TimerEvent: {}
[9.322213] (turtle_cpp) StdoutLine: {'line': b'-- Symlinking: /home/sgjzz1/git/physicalai-lv1-gyujinsim/physicalai-lv1-assignments-main/lv1_module2_student/ros2_ws/install/turtle_cpp/share/turtle_cpp/environment/path.sh\n'}
[9.330691] (turtle_cpp) StdoutLine: {'line': b'-- Symlinking: /home/sgjzz1/git/physicalai-lv1-gyujinsim/physicalai-lv1-assignments-main/lv1_module2_student/ros2_ws/install/turtle_cpp/share/turtle_cpp/environment/path.dsv\n'}
[9.340087] (turtle_cpp) StdoutLine: {'line': b'-- Symlinking: /home/sgjzz1/git/physicalai-lv1-gyujinsim/physicalai-lv1-assignments-main/lv1_module2_student/ros2_ws/install/turtle_cpp/share/turtle_cpp/local_setup.bash\n'}
[9.348171] (turtle_cpp) StdoutLine: {'line': b'-- Symlinking: /home/sgjzz1/git/physicalai-lv1-gyujinsim/physicalai-lv1-assignments-main/lv1_module2_student/ros2_ws/install/turtle_cpp/share/turtle_cpp/local_setup.sh\n'}
[9.355504] (turtle_cpp) StdoutLine: {'line': b'-- Symlinking: /home/sgjzz1/git/physicalai-lv1-gyujinsim/physicalai-lv1-assignments-main/lv1_module2_student/ros2_ws/install/turtle_cpp/share/turtle_cpp/local_setup.zsh\n'}
[9.364040] (turtle_cpp) StdoutLine: {'line': b'-- Symlinking: /home/sgjzz1/git/physicalai-lv1-gyujinsim/physicalai-lv1-assignments-main/lv1_module2_student/ros2_ws/install/turtle_cpp/share/turtle_cpp/local_setup.dsv\n'}
[9.371675] (turtle_cpp) StdoutLine: {'line': b'-- Symlinking: /home/sgjzz1/git/physicalai-lv1-gyujinsim/physicalai-lv1-assignments-main/lv1_module2_student/ros2_ws/install/turtle_cpp/share/turtle_cpp/package.dsv\n'}
[9.379154] (turtle_cpp) StdoutLine: {'line': b'-- Symlinking: /home/sgjzz1/git/physicalai-lv1-gyujinsim/physicalai-lv1-assignments-main/lv1_module2_student/ros2_ws/install/turtle_cpp/share/ament_index/resource_index/packages/turtle_cpp\n'}
[9.386377] (turtle_cpp) StdoutLine: {'line': b'-- Symlinking: /home/sgjzz1/git/physicalai-lv1-gyujinsim/physicalai-lv1-assignments-main/lv1_module2_student/ros2_ws/install/turtle_cpp/share/turtle_cpp/cmake/turtle_cppConfig.cmake\n'}
[9.393543] (turtle_cpp) StdoutLine: {'line': b'-- Symlinking: /home/sgjzz1/git/physicalai-lv1-gyujinsim/physicalai-lv1-assignments-main/lv1_module2_student/ros2_ws/install/turtle_cpp/share/turtle_cpp/cmake/turtle_cppConfig-version.cmake\n'}
[9.400676] (turtle_cpp) StdoutLine: {'line': b'-- Symlinking: /home/sgjzz1/git/physicalai-lv1-gyujinsim/physicalai-lv1-assignments-main/lv1_module2_student/ros2_ws/install/turtle_cpp/share/turtle_cpp/package.xml\n'}
[9.410373] (turtle_cpp) CommandEnded: {'returncode': 0}
[9.419065] (-) TimerEvent: {}
[9.421689] (turtle_cpp) JobEnded: {'identifier': 'turtle_cpp', 'rc': 0}
[9.422219] (-) EventReactorShutdown: {}
